sessao,perfil,rodada,palpite,resultado,acertos_anunciados,premio_disputado_centavos
QA-SIM-001,Regular,0,"3 17 9","3 17 9",3,500
QA-SIM-001,Regular,1,"6 16 4","5 16 4",2,500000
QA-SIM-001,Regular,2,"6 0 15","5 16 4",2,500000
QA-SIM-001,Regular,3,"12 11 9","5 16 4",2,500000
QA-SIM-001,Regular,4,"17 9 2","5 16 4",2,500000
QA-SIM-001,Regular,5,"11 2 17","5 16 4",2,500000
QA-SIM-001,Regular,6,"4 17 5","5 16 4",2,500000
QA-SIM-001,Regular,7,"11 6 14","5 16 4",2,500000
QA-SIM-001,Regular,8,"8 13 14","5 16 4",2,500000
QA-SIM-001,Regular,9,"6 15 16","5 16 4",2,500000
QA-SIM-001,Regular,10,"7 7 2","5 16 4",2,500000
QA-SIM-001,Regular,11,"8 9 4","5 16 4",2,500000
QA-SIM-001,Regular,12,"18 10 2","5 16 4",2,500000
QA-SIM-001,Regular,13,"11 15 11","5 16 4",2,500000
QA-SIM-001,Regular,14,"8 1 1","5 16 4",2,500000
QA-SIM-001,Regular,15,"12 6 2","5 16 4",2,500000
QA-SIM-001,Regular,16,"12 15 14","5 16 4",2,500000
QA-SIM-001,Regular,17,"15 19 15","5 16 4",2,500000
QA-SIM-001,Regular,18,"18 3 11","5 16 4",2,500000
QA-SIM-001,Regular,19,"10 7 5","5 16 4",2,500000
QA-SIM-001,Regular,20,"8 7 14","5 16 4",2,500000
QA-SIM-001,Regular,21,"1 14 18","5 16 4",2,500000
QA-SIM-001,Regular,22,"8 10 8","5 16 4",2,500000
QA-SIM-001,Regular,23,"16 19 11","5 16 4",2,500000
QA-SIM-001,Regular,24,"15 19 8","5 16 4",2,500000
QA-SIM-001,Regular,25,"2 17 12","5 16 4",2,500000
QA-SIM-001,Regular,26,"19 3 1","5 16 4",2,500000
QA-SIM-001,Regular,27,"8 12 19","5 16 4",2,500000
QA-SIM-001,Regular,28,"5 16 16","5 16 4",2,500000
QA-SIM-001,Regular,29,"9 1 4","5 16 4",2,500000
QA-SIM-001,Regular,30,"9 4 6","5 16 4",2,500000
QA-SIM-001,Regular,31,"10 12 3","5 16 4",2,500000
QA-SIM-001,Regular,32,"16 4 3","5 16 4",2,500000
QA-SIM-001,Regular,33,"13 15 5","5 16 4",2,500000
QA-SIM-001,Regular,34,"18 1 7","5 16 4",2,500000
QA-SIM-001,Regular,35,"10 16 2","5 16 4",2,500000
QA-SIM-002,Whale,0,"5 3 14","5 3 14",3,60
QA-SIM-002,Whale,1,"7 3 17","7 1 17",2,5000000
QA-SIM-002,Whale,2,"3 17 15","7 1 17",2,5000000
QA-SIM-002,Whale,3,"8 10 15","7 1 17",2,5000000
QA-SIM-002,Whale,4,"8 15 17","7 1 17",2,5000000
QA-SIM-002,Whale,5,"15 7 10","7 1 17",2,5000000
QA-SIM-002,Whale,6,"12 5 0","7 1 17",2,5000000
QA-SIM-002,Whale,7,"3 5 14","7 1 17",2,5000000
QA-SIM-002,Whale,8,"13 7 17","7 1 17",2,5000000
QA-SIM-002,Whale,9,"7 7 1","7 1 17",2,5000000
QA-SIM-002,Whale,10,"11 10 16","7 1 17",2,5000000
QA-SIM-002,Whale,11,"17 9 19","7 1 17",2,5000000
QA-SIM-002,Whale,12,"7 5 0","7 1 17",2,5000000
QA-SIM-002,Whale,13,"10 17 5","7 1 17",2,5000000
QA-SIM-002,Whale,14,"4 13 7","7 1 17",2,5000000
QA-SIM-002,Whale,15,"0 13 16","7 1 17",2,5000000
QA-SIM-002,Whale,16,"16 7 2","7 1 17",2,5000000
QA-SIM-002,Whale,17,"19 2 11","7 1 17",2,5000000
QA-SIM-002,Whale,18,"19 2 8","7 1 17",2,5000000
QA-SIM-002,Whale,19,"15 8 2","7 1 17",2,5000000
QA-SIM-002,Whale,20,"9 0 0","7 1 17",2,5000000
QA-SIM-002,Whale,21,"14 4 1","7 1 17",2,5000000
QA-SIM-002,Whale,22,"3 2 0","7 1 17",2,5000000
QA-SIM-002,Whale,23,"14 4 2","7 1 17",2,5000000
QA-SIM-002,Whale,24,"8 5 4","7 1 17",2,5000000
QA-SIM-002,Whale,25,"12 12 7","7 1 17",2,5000000
QA-SIM-002,Whale,26,"0 14 3","7 1 17",2,5000000
QA-SIM-002,Whale,27,"4 0 17","7 1 17",2,5000000
QA-SIM-002,Whale,28,"13 17 7","7 1 17",2,5000000
QA-SIM-002,Whale,29,"15 14 13","7 1 17",2,5000000
QA-SIM-002,Whale,30,"0 18 1","7 1 17",2,5000000
QA-SIM-002,Whale,31,"9 1 4","7 1 17",2,5000000
QA-SIM-002,Whale,32,"19 13 15","7 1 17",2,5000000
QA-SIM-002,Whale,33,"2 8 4","7 1 17",2,5000000
QA-SIM-002,Whale,34,"6 18 2","7 1 17",2,5000000
QA-SIM-002,Whale,35,"8 16 3","7 1 17",2,5000000
QA-SIM-003,Curioso,0,"9 3 12","9 3 12",3,500
QA-SIM-003,Curioso,1,"6 9 6","6 9 19",2,10000
QA-SIM-003,Curioso,2,"12 5 11","6 9 19",2,10000
QA-SIM-003,Curioso,3,"13 18 8","6 9 19",2,10000
QA-SIM-003,Curioso,4,"7 0 18","6 9 19",2,10000
QA-SIM-003,Curioso,5,"6 5 18","6 9 19",2,10000
QA-SIM-003,Curioso,6,"13 2 1","6 9 19",2,10000
QA-SIM-003,Curioso,7,"10 19 8","6 9 19",2,10000
QA-SIM-003,Curioso,8,"10 19 15","6 9 19",2,10000
QA-SIM-003,Curioso,9,"3 7 13","6 9 19",2,10000
QA-SIM-003,Curioso,10,"2 8 12","6 9 19",2,10000
QA-SIM-003,Curioso,11,"9 17 9","6 9 19",2,10000
QA-SIM-003,Curioso,12,"11 3 11","6 9 19",2,10000
QA-SIM-003,Curioso,13,"0 7 6","6 9 19",2,10000
QA-SIM-003,Curioso,14,"17 2 19","6 9 19",2,10000
QA-SIM-003,Curioso,15,"13 17 15","6 9 19",2,10000
QA-SIM-003,Curioso,16,"8 10 14","6 9 19",2,10000
QA-SIM-003,Curioso,17,"15 14 3","6 9 19",2,10000
QA-SIM-003,Curioso,18,"11 15 8","6 9 19",2,10000
QA-SIM-003,Curioso,19,"0 0 4","6 9 19",2,10000
QA-SIM-003,Curioso,20,"12 3 8","6 9 19",2,10000
QA-SIM-003,Curioso,21,"0 17 6","6 9 19",2,10000
QA-SIM-003,Curioso,22,"11 17 17","6 9 19",2,10000
QA-SIM-003,Curioso,23,"2 10 11","6 9 19",2,10000
QA-SIM-003,Curioso,24,"2 11 4","6 9 19",2,10000
QA-SIM-003,Curioso,25,"15 3 12","6 9 19",2,10000
QA-SIM-003,Curioso,26,"1 18 6","6 9 19",2,10000
QA-SIM-003,Curioso,27,"6 19 17","6 9 19",2,10000
QA-SIM-003,Curioso,28,"16 18 18","6 9 19",2,10000
QA-SIM-003,Curioso,29,"19 14 18","6 9 19",2,10000
QA-SIM-003,Curioso,30,"2 8 15","6 9 19",2,10000
QA-SIM-003,Curioso,31,"9 3 14","6 9 19",2,10000
QA-SIM-003,Curioso,32,"8 8 14","6 9 19",2,10000
QA-SIM-003,Curioso,33,"2 15 12","6 9 19",2,10000
QA-SIM-003,Curioso,34,"14 0 18","6 9 19",2,10000
QA-SIM-003,Curioso,35,"5 10 15","6 9 19",2,10000
QA-SIM-004,Casual,0,"3 6 8","3 6 8",3,500
QA-SIM-004,Casual,1,"12 5 8","12 17 8",2,10000
QA-SIM-004,Casual,2,"18 7 19","12 17 8",2,10000
QA-SIM-004,Casual,3,"16 2 0","12 17 8",2,10000
QA-SIM-004,Casual,4,"3 2 3","12 17 8",2,10000
QA-SIM-004,Casual,5,"0 2 7","12 17 8",2,10000
QA-SIM-004,Casual,6,"8 9 7","12 17 8",2,10000
QA-SIM-004,Casual,7,"9 8 19","12 17 8",2,10000
QA-SIM-004,Casual,8,"5 0 17","12 17 8",2,10000
QA-SIM-004,Casual,9,"9 0 9","12 17 8",2,10000
QA-SIM-004,Casual,10,"8 3 3","12 17 8",2,10000
QA-SIM-004,Casual,11,"9 19 12","12 17 8",2,10000
QA-SIM-004,Casual,12,"10 16 15","12 17 8",2,10000
QA-SIM-004,Casual,13,"16 18 10","12 17 8",2,10000
QA-SIM-004,Casual,14,"16 9 12","12 17 8",2,10000
QA-SIM-004,Casual,15,"17 18 8","12 17 8",2,10000
QA-SIM-004,Casual,16,"7 14 9","12 17 8",2,10000
QA-SIM-004,Casual,17,"5 11 7","12 17 8",2,10000
QA-SIM-004,Casual,18,"1 16 1","12 17 8",2,10000
QA-SIM-004,Casual,19,"13 8 0","12 17 8",2,10000
QA-SIM-004,Casual,20,"4 11 9","12 17 8",2,10000
QA-SIM-004,Casual,21,"16 12 1","12 17 8",2,10000
QA-SIM-004,Casual,22,"12 2 17","12 17 8",2,10000
QA-SIM-004,Casual,23,"15 12 14","12 17 8",2,10000
QA-SIM-004,Casual,24,"4 3 17","12 17 8",2,10000
QA-SIM-004,Casual,25,"2 1 0","12 17 8",2,10000
QA-SIM-004,Casual,26,"12 13 4","12 17 8",2,10000
QA-SIM-004,Casual,27,"7 6 9","12 17 8",2,10000
QA-SIM-004,Casual,28,"6 15 7","12 17 8",2,10000
QA-SIM-004,Casual,29,"16 15 16","12 17 8",2,10000
QA-SIM-004,Casual,30,"7 18 0","12 17 8",2,10000
QA-SIM-004,Casual,31,"4 11 16","12 17 8",2,10000
QA-SIM-004,Casual,32,"17 8 5","12 17 8",2,10000
QA-SIM-004,Casual,33,"7 19 11","12 17 8",2,10000
QA-SIM-004,Casual,34,"13 13 13","12 17 8",2,10000
QA-SIM-004,Casual,35,"4 14 19","12 17 8",2,10000
QA-SIM-005,Regular,0,"19 19 0","19 19 0",3,60
QA-SIM-005,Regular,1,"10 14 19","10 18 19",2,0
QA-SIM-005,Regular,2,"14 13 7","10 18 19",2,0
QA-SIM-005,Regular,3,"7 13 7","10 18 19",2,0
QA-SIM-005,Regular,4,"18 14 12","10 18 19",2,0
QA-SIM-005,Regular,5,"5 13 13","10 18 19",2,0
QA-SIM-005,Regular,6,"6 19 8","10 18 19",2,0
QA-SIM-005,Regular,7,"4 2 8","10 18 19",2,0
QA-SIM-005,Regular,8,"9 3 14","10 18 19",2,0
QA-SIM-005,Regular,9,"5 7 3","10 18 19",2,0
QA-SIM-005,Regular,10,"17 6 11","10 18 19",2,0
QA-SIM-005,Regular,11,"7 19 18","10 18 19",2,0
QA-SIM-005,Regular,12,"15 13 1","10 18 19",2,0
QA-SIM-005,Regular,13,"18 17 5","10 18 19",2,0
QA-SIM-005,Regular,14,"3 11 13","10 18 19",2,0
QA-SIM-005,Regular,15,"10 15 17","10 18 19",2,0
QA-SIM-005,Regular,16,"2 2 9","10 18 19",2,0
QA-SIM-005,Regular,17,"10 14 10","10 18 19",2,0
QA-SIM-005,Regular,18,"5 13 12","10 18 19",2,0
QA-SIM-005,Regular,19,"14 10 2","10 18 19",2,0
QA-SIM-005,Regular,20,"12 8 1","10 18 19",2,0
QA-SIM-005,Regular,21,"13 5 6","10 18 19",2,0
QA-SIM-005,Regular,22,"19 0 3","10 18 19",2,0
QA-SIM-005,Regular,23,"13 7 13","10 18 19",2,0
QA-SIM-005,Regular,24,"11 19 15","10 18 19",2,0
QA-SIM-005,Regular,25,"0 0 4","10 18 19",2,0
QA-SIM-005,Regular,26,"12 19 7","10 18 19",2,0
QA-SIM-005,Regular,27,"19 9 0","10 18 19",2,0
QA-SIM-005,Regular,28,"6 10 4","10 18 19",2,0
QA-SIM-005,Regular,29,"6 13 16","10 18 19",2,0
QA-SIM-005,Regular,30,"2 3 7","10 18 19",2,0
QA-SIM-005,Regular,31,"11 3 13","10 18 19",2,0
QA-SIM-005,Regular,32,"17 10 7","10 18 19",2,0
QA-SIM-005,Regular,33,"1 9 3","10 18 19",2,0
QA-SIM-005,Regular,34,"13 5 17","10 18 19",2,0
QA-SIM-005,Regular,35,"6 7 10","10 18 19",2,0
QA-SIM-006,Whale,0,"1 10 4","1 10 4",3,60
QA-SIM-006,Whale,1,"18 15 16","18 9 16",2,0
QA-SIM-006,Whale,2,"13 2 15","18 9 16",2,0
QA-SIM-006,Whale,3,"11 2 17","18 9 16",2,0
QA-SIM-006,Whale,4,"2 2 0","18 9 16",2,0
QA-SIM-006,Whale,5,"9 4 13","18 9 16",2,0
QA-SIM-006,Whale,6,"2 1 15","18 9 16",2,0
QA-SIM-006,Whale,7,"6 13 0","18 9 16",2,0
QA-SIM-006,Whale,8,"3 16 3","18 9 16",2,0
QA-SIM-006,Whale,9,"5 8 3","18 9 16",2,0
QA-SIM-006,Whale,10,"6 14 5","18 9 16",2,0
QA-SIM-006,Whale,11,"5 3 14","18 9 16",2,0
QA-SIM-006,Whale,12,"5 5 8","18 9 16",2,0
QA-SIM-006,Whale,13,"10 19 2","18 9 16",2,0
QA-SIM-006,Whale,14,"11 8 10","18 9 16",2,0
QA-SIM-006,Whale,15,"9 2 17","18 9 16",2,0
QA-SIM-006,Whale,16,"8 5 12","18 9 16",2,0
QA-SIM-006,Whale,17,"5 16 9","18 9 16",2,0
QA-SIM-006,Whale,18,"11 0 13","18 9 16",2,0
QA-SIM-006,Whale,19,"19 18 19","18 9 16",2,0
QA-SIM-006,Whale,20,"4 6 6","18 9 16",2,0
QA-SIM-006,Whale,21,"1 18 19","18 9 16",2,0
QA-SIM-006,Whale,22,"19 0 16","18 9 16",2,0
QA-SIM-006,Whale,23,"14 19 15","18 9 16",2,0
QA-SIM-006,Whale,24,"15 2 17","18 9 16",2,0
QA-SIM-006,Whale,25,"17 3 13","18 9 16",2,0
QA-SIM-006,Whale,26,"11 8 5","18 9 16",2,0
QA-SIM-006,Whale,27,"1 8 11","18 9 16",2,0
QA-SIM-006,Whale,28,"14 11 19","18 9 16",2,0
QA-SIM-006,Whale,29,"5 18 2","18 9 16",2,0
QA-SIM-006,Whale,30,"5 6 5","18 9 16",2,0
QA-SIM-006,Whale,31,"12 18 19","18 9 16",2,0
QA-SIM-006,Whale,32,"13 6 8","18 9 16",2,0
QA-SIM-006,Whale,33,"9 14 4","18 9 16",2,0
QA-SIM-006,Whale,34,"5 14 5","18 9 16",2,0
QA-SIM-006,Whale,35,"12 1 18","18 9 16",2,0
QA-SIM-007,Curioso,0,"13 13 1","13 13 1",3,60
QA-SIM-007,Curioso,1,"5 1 16","5 11 16",2,100000
QA-SIM-007,Curioso,2,"17 0 10","5 11 16",2,100000
QA-SIM-007,Curioso,3,"11 13 17","5 11 16",2,100000
QA-SIM-007,Curioso,4,"5 19 13","5 11 16",2,100000
QA-SIM-007,Curioso,5,"9 4 19","5 11 16",2,100000
QA-SIM-007,Curioso,6,"0 4 14","5 11 16",2,100000
QA-SIM-007,Curioso,7,"16 7 9","5 11 16",2,100000
QA-SIM-007,Curioso,8,"14 17 19","5 11 16",2,100000
QA-SIM-007,Curioso,9,"8 1 15","5 11 16",2,100000
QA-SIM-007,Curioso,10,"15 6 15","5 11 16",2,100000
QA-SIM-007,Curioso,11,"13 7 7","5 11 16",2,100000
QA-SIM-007,Curioso,12,"0 17 13","5 11 16",2,100000
QA-SIM-007,Curioso,13,"18 9 18","5 11 16",2,100000
QA-SIM-007,Curioso,14,"15 19 19","5 11 16",2,100000
QA-SIM-007,Curioso,15,"9 3 19","5 11 16",2,100000
QA-SIM-007,Curioso,16,"15 19 12","5 11 16",2,100000
QA-SIM-007,Curioso,17,"9 2 17","5 11 16",2,100000
QA-SIM-007,Curioso,18,"13 2 8","5 11 16",2,100000
QA-SIM-007,Curioso,19,"7 10 0","5 11 16",2,100000
QA-SIM-007,Curioso,20,"2 19 19","5 11 16",2,100000
QA-SIM-007,Curioso,21,"16 15 14","5 11 16",2,100000
QA-SIM-007,Curioso,22,"9 11 5","5 11 16",2,100000
QA-SIM-007,Curioso,23,"2 1 13","5 11 16",2,100000
QA-SIM-007,Curioso,24,"15 2 13","5 11 16",2,100000
QA-SIM-007,Curioso,25,"7 8 18","5 11 16",2,100000
QA-SIM-007,Curioso,26,"7 1 19","5 11 16",2,100000
QA-SIM-007,Curioso,27,"17 19 19","5 11 16",2,100000
QA-SIM-007,Curioso,28,"9 18 5","5 11 16",2,100000
QA-SIM-007,Curioso,29,"11 12 1","5 11 16",2,100000
QA-SIM-007,Curioso,30,"14 4 4","5 11 16",2,100000
QA-SIM-007,Curioso,31,"17 19 18","5 11 16",2,100000
QA-SIM-007,Curioso,32,"2 18 7","5 11 16",2,100000
QA-SIM-007,Curioso,33,"19 10 9","5 11 16",2,100000
QA-SIM-007,Curioso,34,"16 6 0","5 11 16",2,100000
QA-SIM-007,Curioso,35,"18 11 18","5 11 16",2,100000
QA-SIM-008,Casual,0,"19 7 13","19 7 13",3,60
QA-SIM-008,Casual,1,"4 16 8","4 15 8",2,0
QA-SIM-008,Casual,2,"12 5 9","4 15 8",2,0
QA-SIM-008,Casual,3,"15 17 14","4 15 8",2,0
QA-SIM-008,Casual,4,"11 15 2","4 15 8",2,0
QA-SIM-008,Casual,5,"11 15 11","4 15 8",2,0
QA-SIM-008,Casual,6,"12 18 16","4 15 8",2,0
QA-SIM-008,Casual,7,"11 8 7","4 15 8",2,0
QA-SIM-008,Casual,8,"13 16 8","4 15 8",2,0
QA-SIM-008,Casual,9,"0 17 1","4 15 8",2,0
QA-SIM-008,Casual,10,"2 19 8","4 15 8",2,0
QA-SIM-008,Casual,11,"1 8 18","4 15 8",2,0
QA-SIM-008,Casual,12,"0 0 2","4 15 8",2,0
QA-SIM-008,Casual,13,"19 14 1","4 15 8",2,0
QA-SIM-008,Casual,14,"0 14 10","4 15 8",2,0
QA-SIM-008,Casual,15,"4 2 9","4 15 8",2,0
QA-SIM-008,Casual,16,"15 3 0","4 15 8",2,0
QA-SIM-008,Casual,17,"12 16 0","4 15 8",2,0
QA-SIM-008,Casual,18,"4 16 9","4 15 8",2,0
QA-SIM-008,Casual,19,"19 16 4","4 15 8",2,0
QA-SIM-008,Casual,20,"0 15 14","4 15 8",2,0
QA-SIM-008,Casual,21,"15 6 15","4 15 8",2,0
QA-SIM-008,Casual,22,"7 3 12","4 15 8",2,0
QA-SIM-008,Casual,23,"3 8 14","4 15 8",2,0
QA-SIM-008,Casual,24,"1 17 15","4 15 8",2,0
QA-SIM-008,Casual,25,"5 16 7","4 15 8",2,0
QA-SIM-008,Casual,26,"3 13 13","4 15 8",2,0
QA-SIM-008,Casual,27,"15 6 7","4 15 8",2,0
QA-SIM-008,Casual,28,"16 4 16","4 15 8",2,0
QA-SIM-008,Casual,29,"15 4 2","4 15 8",2,0
QA-SIM-008,Casual,30,"13 11 12","4 15 8",2,0
QA-SIM-008,Casual,31,"1 3 16","4 15 8",2,0
QA-SIM-008,Casual,32,"11 19 10","4 15 8",2,0
QA-SIM-008,Casual,33,"13 3 13","4 15 8",2,0
QA-SIM-008,Casual,34,"17 19 14","4 15 8",2,0
QA-SIM-008,Casual,35,"1 13 11","4 15 8",2,0
QA-SIM-009,Regular,0,"11 17 1","11 17 1",3,500
QA-SIM-009,Regular,1,"12 13 14","3 13 14",2,5000
QA-SIM-009,Regular,2,"13 7 14","3 13 14",2,5000
QA-SIM-009,Regular,3,"14 11 4","3 13 14",2,5000
QA-SIM-009,Regular,4,"2 13 10","3 13 14",2,5000
QA-SIM-009,Regular,5,"8 2 12","3 13 14",2,5000
QA-SIM-009,Regular,6,"18 18 0","3 13 14",2,5000
QA-SIM-009,Regular,7,"2 19 10","3 13 14",2,5000
QA-SIM-009,Regular,8,"7 8 2","3 13 14",2,5000
QA-SIM-009,Regular,9,"9 19 3","3 13 14",2,5000
QA-SIM-009,Regular,10,"7 15 8","3 13 14",2,5000
QA-SIM-009,Regular,11,"8 9 1","3 13 14",2,5000
QA-SIM-009,Regular,12,"17 16 2","3 13 14",2,5000
QA-SIM-009,Regular,13,"19 15 11","3 13 14",2,5000
QA-SIM-009,Regular,14,"10 19 5","3 13 14",2,5000
QA-SIM-009,Regular,15,"5 13 12","3 13 14",2,5000
QA-SIM-009,Regular,16,"12 8 9","3 13 14",2,5000
QA-SIM-009,Regular,17,"10 18 2","3 13 14",2,5000
QA-SIM-009,Regular,18,"1 9 4","3 13 14",2,5000
QA-SIM-009,Regular,19,"17 15 1","3 13 14",2,5000
QA-SIM-009,Regular,20,"2 12 19","3 13 14",2,5000
QA-SIM-009,Regular,21,"11 13 8","3 13 14",2,5000
QA-SIM-009,Regular,22,"12 6 15","3 13 14",2,5000
QA-SIM-009,Regular,23,"4 3 10","3 13 14",2,5000
QA-SIM-009,Regular,24,"7 19 5","3 13 14",2,5000
QA-SIM-009,Regular,25,"3 5 2","3 13 14",2,5000
QA-SIM-009,Regular,26,"5 5 4","3 13 14",2,5000
QA-SIM-009,Regular,27,"9 8 5","3 13 14",2,5000
QA-SIM-009,Regular,28,"17 18 14","3 13 14",2,5000
QA-SIM-009,Regular,29,"18 8 3","3 13 14",2,5000
QA-SIM-009,Regular,30,"14 10 14","3 13 14",2,5000
QA-SIM-009,Regular,31,"10 17 11","3 13 14",2,5000
QA-SIM-009,Regular,32,"15 5 8","3 13 14",2,5000
QA-SIM-009,Regular,33,"11 11 12","3 13 14",2,5000
QA-SIM-009,Regular,34,"4 18 5","3 13 14",2,5000
QA-SIM-009,Regular,35,"11 8 9","3 13 14",2,5000
QA-SIM-010,Whale,0,"9 19 0","9 19 0",3,500
QA-SIM-010,Whale,1,"12 10 10","12 5 10",2,500000
QA-SIM-010,Whale,2,"7 16 8","12 5 10",2,500000
QA-SIM-010,Whale,3,"8 3 2","12 5 10",2,500000
QA-SIM-010,Whale,4,"13 0 6","12 5 10",2,500000
QA-SIM-010,Whale,5,"18 5 9","12 5 10",2,500000
QA-SIM-010,Whale,6,"16 16 14","12 5 10",2,500000
QA-SIM-010,Whale,7,"17 3 16","12 5 10",2,500000
QA-SIM-010,Whale,8,"17 7 2","12 5 10",2,500000
QA-SIM-010,Whale,9,"11 3 14","12 5 10",2,500000
QA-SIM-010,Whale,10,"8 19 12","12 5 10",2,500000
QA-SIM-010,Whale,11,"12 0 7","12 5 10",2,500000
QA-SIM-010,Whale,12,"19 12 16","12 5 10",2,500000
QA-SIM-010,Whale,13,"6 9 16","12 5 10",2,500000
QA-SIM-010,Whale,14,"1 1 4","12 5 10",2,500000
QA-SIM-010,Whale,15,"13 18 6","12 5 10",2,500000
QA-SIM-010,Whale,16,"14 17 4","12 5 10",2,500000
QA-SIM-010,Whale,17,"14 4 16","12 5 10",2,500000
QA-SIM-010,Whale,18,"6 3 9","12 5 10",2,500000
QA-SIM-010,Whale,19,"17 3 1","12 5 10",2,500000
QA-SIM-010,Whale,20,"10 4 15","12 5 10",2,500000
QA-SIM-010,Whale,21,"19 16 4","12 5 10",2,500000
QA-SIM-010,Whale,22,"3 18 16","12 5 10",2,500000
QA-SIM-010,Whale,23,"14 19 5","12 5 10",2,500000
QA-SIM-010,Whale,24,"7 17 14","12 5 10",2,500000
QA-SIM-010,Whale,25,"1 8 8","12 5 10",2,500000
QA-SIM-010,Whale,26,"9 6 18","12 5 10",2,500000
QA-SIM-010,Whale,27,"16 10 1","12 5 10",2,500000
QA-SIM-010,Whale,28,"11 12 2","12 5 10",2,500000
QA-SIM-010,Whale,29,"5 19 7","12 5 10",2,500000
QA-SIM-010,Whale,30,"14 5 4","12 5 10",2,500000
QA-SIM-010,Whale,31,"8 17 19","12 5 10",2,500000
QA-SIM-010,Whale,32,"8 12 15","12 5 10",2,500000
QA-SIM-010,Whale,33,"12 5 2","12 5 10",2,500000
QA-SIM-010,Whale,34,"11 11 0","12 5 10",2,500000
QA-SIM-010,Whale,35,"17 17 19","12 5 10",2,500000
QA-SIM-011,Curioso,0,"9 14 16","9 14 16",3,500
QA-SIM-011,Curioso,1,"12 14 3","12 14 19",2,0
QA-SIM-011,Curioso,2,"2 3 19","12 14 19",2,0
QA-SIM-011,Curioso,3,"7 5 3","12 14 19",2,0
QA-SIM-011,Curioso,4,"7 11 14","12 14 19",2,0
QA-SIM-011,Curioso,5,"15 14 16","12 14 19",2,0
QA-SIM-011,Curioso,6,"0 6 2","12 14 19",2,0
QA-SIM-011,Curioso,7,"15 15 18","12 14 19",2,0
QA-SIM-011,Curioso,8,"0 10 19","12 14 19",2,0
QA-SIM-011,Curioso,9,"11 8 11","12 14 19",2,0
QA-SIM-011,Curioso,10,"12 18 7","12 14 19",2,0
QA-SIM-011,Curioso,11,"12 11 8","12 14 19",2,0
QA-SIM-011,Curioso,12,"6 12 13","12 14 19",2,0
QA-SIM-011,Curioso,13,"17 0 15","12 14 19",2,0
QA-SIM-011,Curioso,14,"16 15 4","12 14 19",2,0
QA-SIM-011,Curioso,15,"12 0 7","12 14 19",2,0
QA-SIM-011,Curioso,16,"5 1 5","12 14 19",2,0
QA-SIM-011,Curioso,17,"3 2 17","12 14 19",2,0
QA-SIM-011,Curioso,18,"19 13 1","12 14 19",2,0
QA-SIM-011,Curioso,19,"14 8 7","12 14 19",2,0
QA-SIM-011,Curioso,20,"6 14 19","12 14 19",2,0
QA-SIM-011,Curioso,21,"18 8 2","12 14 19",2,0
QA-SIM-011,Curioso,22,"18 1 0","12 14 19",2,0
QA-SIM-011,Curioso,23,"10 18 13","12 14 19",2,0
QA-SIM-011,Curioso,24,"1 17 0","12 14 19",2,0
QA-SIM-011,Curioso,25,"2 0 5","12 14 19",2,0
QA-SIM-011,Curioso,26,"4 3 2","12 14 19",2,0
QA-SIM-011,Curioso,27,"16 7 10","12 14 19",2,0
QA-SIM-011,Curioso,28,"14 17 8","12 14 19",2,0
QA-SIM-011,Curioso,29,"6 16 8","12 14 19",2,0
QA-SIM-011,Curioso,30,"7 2 5","12 14 19",2,0
QA-SIM-011,Curioso,31,"18 1 3","12 14 19",2,0
QA-SIM-011,Curioso,32,"10 19 0","12 14 19",2,0
QA-SIM-011,Curioso,33,"2 0 1","12 14 19",2,0
QA-SIM-011,Curioso,34,"9 6 2","12 14 19",2,0
QA-SIM-011,Curioso,35,"14 15 6","12 14 19",2,0
QA-SIM-012,Casual,0,"14 17 5","14 17 5",3,500
QA-SIM-012,Casual,1,"9 4 12","9 4 12",3,60
QA-SIM-012,Casual,2,"5 19 17","1 19 17",2,10000
QA-SIM-012,Casual,3,"7 10 8","1 19 17",2,10000
QA-SIM-012,Casual,4,"13 17 11","1 19 17",2,10000
QA-SIM-012,Casual,5,"0 8 14","1 19 17",2,10000
QA-SIM-012,Casual,6,"6 18 3","1 19 17",2,10000
QA-SIM-012,Casual,7,"7 9 15","1 19 17",2,10000
QA-SIM-012,Casual,8,"8 11 5","1 19 17",2,10000
QA-SIM-012,Casual,9,"19 8 15","1 19 17",2,10000
QA-SIM-012,Casual,10,"11 11 15","1 19 17",2,10000
QA-SIM-012,Casual,11,"14 1 9","1 19 17",2,10000
QA-SIM-012,Casual,12,"17 8 17","1 19 17",2,10000
QA-SIM-012,Casual,13,"7 15 3","1 19 17",2,10000
QA-SIM-012,Casual,14,"18 6 14","1 19 17",2,10000
QA-SIM-012,Casual,15,"0 19 7","1 19 17",2,10000
QA-SIM-012,Casual,16,"8 13 8","1 19 17",2,10000
QA-SIM-012,Casual,17,"8 6 15","1 19 17",2,10000
QA-SIM-012,Casual,18,"5 10 15","1 19 17",2,10000
QA-SIM-012,Casual,19,"12 17 2","1 19 17",2,10000
QA-SIM-012,Casual,20,"10 18 7","1 19 17",2,10000
QA-SIM-012,Casual,21,"2 5 12","1 19 17",2,10000
QA-SIM-012,Casual,22,"15 0 12","1 19 17",2,10000
QA-SIM-012,Casual,23,"18 16 13","1 19 17",2,10000
QA-SIM-012,Casual,24,"0 8 7","1 19 17",2,10000
QA-SIM-012,Casual,25,"0 4 0","1 19 17",2,10000
QA-SIM-012,Casual,26,"9 3 16","1 19 17",2,10000
QA-SIM-012,Casual,27,"11 1 5","1 19 17",2,10000
QA-SIM-012,Casual,28,"19 13 5","1 19 17",2,10000
QA-SIM-012,Casual,29,"14 15 13","1 19 17",2,10000
QA-SIM-012,Casual,30,"10 0 18","1 19 17",2,10000
QA-SIM-012,Casual,31,"6 2 6","1 19 17",2,10000
QA-SIM-012,Casual,32,"0 5 6","1 19 17",2,10000
QA-SIM-012,Casual,33,"16 11 19","1 19 17",2,10000
QA-SIM-012,Casual,34,"19 12 19","1 19 17",2,10000
QA-SIM-012,Casual,35,"17 7 6","1 19 17",2,10000
QA-SIM-013,Regular,0,"11 11 13","11 11 13",3,500
QA-SIM-013,Regular,1,"16 19 11","14 19 11",2,5000000
QA-SIM-013,Regular,2,"5 18 1","14 19 11",2,5000000
QA-SIM-013,Regular,3,"16 9 10","14 19 11",2,5000000
QA-SIM-013,Regular,4,"17 0 14","14 19 11",2,5000000
QA-SIM-013,Regular,5,"11 0 1","14 19 11",2,5000000
QA-SIM-013,Regular,6,"4 8 15","14 19 11",2,5000000
QA-SIM-013,Regular,7,"10 8 8","14 19 11",2,5000000
QA-SIM-013,Regular,8,"19 1 3","14 19 11",2,5000000
QA-SIM-013,Regular,9,"10 6 9","14 19 11",2,5000000
QA-SIM-013,Regular,10,"15 8 3","14 19 11",2,5000000
QA-SIM-013,Regular,11,"5 8 2","14 19 11",2,5000000
QA-SIM-013,Regular,12,"18 18 19","14 19 11",2,5000000
QA-SIM-013,Regular,13,"17 13 16","14 19 11",2,5000000
QA-SIM-013,Regular,14,"16 12 17","14 19 11",2,5000000
QA-SIM-013,Regular,15,"0 9 7","14 19 11",2,5000000
QA-SIM-013,Regular,16,"6 10 14","14 19 11",2,5000000
QA-SIM-013,Regular,17,"16 11 5","14 19 11",2,5000000
QA-SIM-013,Regular,18,"8 10 17","14 19 11",2,5000000
QA-SIM-013,Regular,19,"17 17 16","14 19 11",2,5000000
QA-SIM-013,Regular,20,"14 11 17","14 19 11",2,5000000
QA-SIM-013,Regular,21,"0 18 1","14 19 11",2,5000000
QA-SIM-013,Regular,22,"17 10 17","14 19 11",2,5000000
QA-SIM-013,Regular,23,"12 4 18","14 19 11",2,5000000
QA-SIM-013,Regular,24,"1 10 11","14 19 11",2,5000000
QA-SIM-013,Regular,25,"14 8 16","14 19 11",2,5000000
QA-SIM-013,Regular,26,"0 8 0","14 19 11",2,5000000
QA-SIM-013,Regular,27,"12 0 18","14 19 11",2,5000000
QA-SIM-013,Regular,28,"18 10 17","14 19 11",2,5000000
QA-SIM-013,Regular,29,"7 13 15","14 19 11",2,5000000
QA-SIM-013,Regular,30,"3 15 3","14 19 11",2,5000000
QA-SIM-013,Regular,31,"1 6 18","14 19 11",2,5000000
QA-SIM-013,Regular,32,"10 11 12","14 19 11",2,5000000
QA-SIM-013,Regular,33,"13 15 11","14 19 11",2,5000000
QA-SIM-013,Regular,34,"13 7 2","14 19 11",2,5000000
QA-SIM-013,Regular,35,"0 3 8","14 19 11",2,5000000
QA-SIM-014,Whale,0,"6 3 12","6 3 12",3,200
QA-SIM-014,Whale,1,"13 14 14","13 14 17",2,10000
QA-SIM-014,Whale,2,"13 14 4","13 14 17",2,10000
QA-SIM-014,Whale,3,"3 0 11","13 14 17",2,10000
QA-SIM-014,Whale,4,"8 10 11","13 14 17",2,10000
QA-SIM-014,Whale,5,"1 6 17","13 14 17",2,10000
QA-SIM-014,Whale,6,"9 2 14","13 14 17",2,10000
QA-SIM-014,Whale,7,"11 3 0","13 14 17",2,10000
QA-SIM-014,Whale,8,"6 3 3","13 14 17",2,10000
QA-SIM-014,Whale,9,"14 12 7","13 14 17",2,10000
QA-SIM-014,Whale,10,"4 11 13","13 14 17",2,10000
QA-SIM-014,Whale,11,"18 19 8","13 14 17",2,10000
QA-SIM-014,Whale,12,"14 12 4","13 14 17",2,10000
QA-SIM-014,Whale,13,"11 3 11","13 14 17",2,10000
QA-SIM-014,Whale,14,"1 4 18","13 14 17",2,10000
QA-SIM-014,Whale,15,"19 11 13","13 14 17",2,10000
QA-SIM-014,Whale,16,"7 11 12","13 14 17",2,10000
QA-SIM-014,Whale,17,"19 1 19","13 14 17",2,10000
QA-SIM-014,Whale,18,"4 2 7","13 14 17",2,10000
QA-SIM-014,Whale,19,"16 12 0","13 14 17",2,10000
QA-SIM-014,Whale,20,"9 15 17","13 14 17",2,10000
QA-SIM-014,Whale,21,"5 7 8","13 14 17",2,10000
QA-SIM-014,Whale,22,"11 5 4","13 14 17",2,10000
QA-SIM-014,Whale,23,"3 1 19","13 14 17",2,10000
QA-SIM-014,Whale,24,"17 8 8","13 14 17",2,10000
QA-SIM-014,Whale,25,"17 6 15","13 14 17",2,10000
QA-SIM-014,Whale,26,"0 18 5","13 14 17",2,10000
QA-SIM-014,Whale,27,"16 17 4","13 14 17",2,10000
QA-SIM-014,Whale,28,"9 8 5","13 14 17",2,10000
QA-SIM-014,Whale,29,"11 11 1","13 14 17",2,10000
QA-SIM-014,Whale,30,"8 15 13","13 14 17",2,10000
QA-SIM-014,Whale,31,"16 16 9","13 14 17",2,10000
QA-SIM-014,Whale,32,"18 15 17","13 14 17",2,10000
QA-SIM-014,Whale,33,"8 14 4","13 14 17",2,10000
QA-SIM-014,Whale,34,"2 16 16","13 14 17",2,10000
QA-SIM-014,Whale,35,"0 18 6","13 14 17",2,10000
QA-SIM-015,Curioso,0,"14 3 5","14 3 5",3,500
QA-SIM-015,Curioso,1,"6 7 15","6 5 15",2,1000000
QA-SIM-015,Curioso,2,"8 0 3","6 5 15",2,1000000
QA-SIM-015,Curioso,3,"4 3 7","6 5 15",2,1000000
QA-SIM-015,Curioso,4,"10 17 2","6 5 15",2,1000000
QA-SIM-015,Curioso,5,"19 14 10","6 5 15",2,1000000
QA-SIM-015,Curioso,6,"10 18 11","6 5 15",2,1000000
QA-SIM-015,Curioso,7,"8 17 2","6 5 15",2,1000000
QA-SIM-015,Curioso,8,"18 8 5","6 5 15",2,1000000
QA-SIM-015,Curioso,9,"1 16 18","6 5 15",2,1000000
QA-SIM-015,Curioso,10,"11 1 1","6 5 15",2,1000000
QA-SIM-015,Curioso,11,"14 16 18","6 5 15",2,1000000
QA-SIM-015,Curioso,12,"9 8 16","6 5 15",2,1000000
QA-SIM-015,Curioso,13,"19 11 4","6 5 15",2,1000000
QA-SIM-015,Curioso,14,"3 4 11","6 5 15",2,1000000
QA-SIM-015,Curioso,15,"9 16 17","6 5 15",2,1000000
QA-SIM-015,Curioso,16,"8 2 15","6 5 15",2,1000000
QA-SIM-015,Curioso,17,"16 4 19","6 5 15",2,1000000
QA-SIM-015,Curioso,18,"18 0 17","6 5 15",2,1000000
QA-SIM-015,Curioso,19,"14 0 8","6 5 15",2,1000000
QA-SIM-015,Curioso,20,"17 16 12","6 5 15",2,1000000
QA-SIM-015,Curioso,21,"18 12 1","6 5 15",2,1000000
QA-SIM-015,Curioso,22,"19 3 7","6 5 15",2,1000000
QA-SIM-015,Curioso,23,"7 1 5","6 5 15",2,1000000
QA-SIM-015,Curioso,24,"0 11 19","6 5 15",2,1000000
QA-SIM-015,Curioso,25,"12 19 15","6 5 15",2,1000000
QA-SIM-015,Curioso,26,"7 6 10","6 5 15",2,1000000
QA-SIM-015,Curioso,27,"5 0 1","6 5 15",2,1000000
QA-SIM-015,Curioso,28,"13 0 19","6 5 15",2,1000000
QA-SIM-015,Curioso,29,"15 4 17","6 5 15",2,1000000
QA-SIM-015,Curioso,30,"14 6 3","6 5 15",2,1000000
QA-SIM-015,Curioso,31,"19 12 13","6 5 15",2,1000000
QA-SIM-015,Curioso,32,"1 6 10","6 5 15",2,1000000
QA-SIM-015,Curioso,33,"6 5 18","6 5 15",2,1000000
QA-SIM-015,Curioso,34,"17 0 4","6 5 15",2,1000000
QA-SIM-015,Curioso,35,"12 11 9","6 5 15",2,1000000
QA-SIM-016,Casual,0,"16 11 9","16 11 9",3,200
QA-SIM-016,Casual,1,"14 17 10","13 17 10",2,5000000
QA-SIM-016,Casual,2,"0 15 1","13 17 10",2,5000000
QA-SIM-016,Casual,3,"9 13 8","13 17 10",2,5000000
QA-SIM-016,Casual,4,"16 4 7","13 17 10",2,5000000
QA-SIM-016,Casual,5,"9 18 6","13 17 10",2,5000000
QA-SIM-016,Casual,6,"4 8 5","13 17 10",2,5000000
QA-SIM-016,Casual,7,"10 6 18","13 17 10",2,5000000
QA-SIM-016,Casual,8,"15 2 12","13 17 10",2,5000000
QA-SIM-016,Casual,9,"8 16 12","13 17 10",2,5000000
QA-SIM-016,Casual,10,"14 2 10","13 17 10",2,5000000
QA-SIM-016,Casual,11,"17 8 16","13 17 10",2,5000000
QA-SIM-016,Casual,12,"18 15 8","13 17 10",2,5000000
QA-SIM-016,Casual,13,"14 16 9","13 17 10",2,5000000
QA-SIM-016,Casual,14,"7 19 16","13 17 10",2,5000000
QA-SIM-016,Casual,15,"18 19 9","13 17 10",2,5000000
QA-SIM-016,Casual,16,"10 4 17","13 17 10",2,5000000
QA-SIM-016,Casual,17,"13 19 11","13 17 10",2,5000000
QA-SIM-016,Casual,18,"13 9 19","13 17 10",2,5000000
QA-SIM-016,Casual,19,"1 9 14","13 17 10",2,5000000
QA-SIM-016,Casual,20,"1 9 13","13 17 10",2,5000000
QA-SIM-016,Casual,21,"0 1 15","13 17 10",2,5000000
QA-SIM-016,Casual,22,"1 10 0","13 17 10",2,5000000
QA-SIM-016,Casual,23,"1 18 17","13 17 10",2,5000000
QA-SIM-016,Casual,24,"8 18 14","13 17 10",2,5000000
QA-SIM-016,Casual,25,"19 17 9","13 17 10",2,5000000
QA-SIM-016,Casual,26,"12 9 16","13 17 10",2,5000000
QA-SIM-016,Casual,27,"11 9 0","13 17 10",2,5000000
QA-SIM-016,Casual,28,"16 16 11","13 17 10",2,5000000
QA-SIM-016,Casual,29,"7 8 1","13 17 10",2,5000000
QA-SIM-016,Casual,30,"4 10 12","13 17 10",2,5000000
QA-SIM-016,Casual,31,"7 7 13","13 17 10",2,5000000
QA-SIM-016,Casual,32,"2 13 4","13 17 10",2,5000000
QA-SIM-016,Casual,33,"9 14 6","13 17 10",2,5000000
QA-SIM-016,Casual,34,"11 7 1","13 17 10",2,5000000
QA-SIM-016,Casual,35,"7 13 17","13 17 10",2,5000000
QA-SIM-017,Regular,0,"0 14 3","0 14 3",3,60
QA-SIM-017,Regular,1,"14 1 5","14 13 5",2,500000
QA-SIM-017,Regular,2,"17 12 13","14 13 5",2,500000
QA-SIM-017,Regular,3,"12 1 12","14 13 5",2,500000
QA-SIM-017,Regular,4,"0 0 6","14 13 5",2,500000
QA-SIM-017,Regular,5,"2 13 16","14 13 5",2,500000
QA-SIM-017,Regular,6,"19 5 1","14 13 5",2,500000
QA-SIM-017,Regular,7,"6 18 4","14 13 5",2,500000
QA-SIM-017,Regular,8,"8 19 6","14 13 5",2,500000
QA-SIM-017,Regular,9,"0 13 0","14 13 5",2,500000
QA-SIM-017,Regular,10,"3 9 1","14 13 5",2,500000
QA-SIM-017,Regular,11,"15 13 9","14 13 5",2,500000
QA-SIM-017,Regular,12,"0 17 10","14 13 5",2,500000
QA-SIM-017,Regular,13,"5 9 11","14 13 5",2,500000
QA-SIM-017,Regular,14,"3 11 11","14 13 5",2,500000
QA-SIM-017,Regular,15,"8 8 3","14 13 5",2,500000
QA-SIM-017,Regular,16,"19 15 11","14 13 5",2,500000
QA-SIM-017,Regular,17,"17 11 6","14 13 5",2,500000
QA-SIM-017,Regular,18,"14 18 19","14 13 5",2,500000
QA-SIM-017,Regular,19,"4 7 12","14 13 5",2,500000
QA-SIM-017,Regular,20,"13 9 8","14 13 5",2,500000
QA-SIM-017,Regular,21,"9 11 19","14 13 5",2,500000
QA-SIM-017,Regular,22,"17 13 14","14 13 5",2,500000
QA-SIM-017,Regular,23,"19 1 18","14 13 5",2,500000
QA-SIM-017,Regular,24,"4 10 1","14 13 5",2,500000
QA-SIM-017,Regular,25,"2 0 0","14 13 5",2,500000
QA-SIM-017,Regular,26,"1 17 17","14 13 5",2,500000
QA-SIM-017,Regular,27,"2 9 11","14 13 5",2,500000
QA-SIM-017,Regular,28,"10 0 13","14 13 5",2,500000
QA-SIM-017,Regular,29,"18 19 0","14 13 5",2,500000
QA-SIM-017,Regular,30,"2 9 5","14 13 5",2,500000
QA-SIM-017,Regular,31,"12 1 11","14 13 5",2,500000
QA-SIM-017,Regular,32,"13 6 13","14 13 5",2,500000
QA-SIM-017,Regular,33,"8 7 5","14 13 5",2,500000
QA-SIM-017,Regular,34,"8 11 7","14 13 5",2,500000
QA-SIM-017,Regular,35,"13 10 12","14 13 5",2,500000
QA-SIM-018,Whale,0,"13 15 11","13 15 11",3,60
QA-SIM-018,Whale,1,"6 17 0","10 17 0",2,10000
QA-SIM-018,Whale,2,"17 14 6","10 17 0",2,10000
QA-SIM-018,Whale,3,"18 19 5","10 17 0",2,10000
QA-SIM-018,Whale,4,"6 4 2","10 17 0",2,10000
QA-SIM-018,Whale,5,"3 9 6","10 17 0",2,10000
QA-SIM-018,Whale,6,"17 13 14","10 17 0",2,10000
QA-SIM-018,Whale,7,"3 19 18","10 17 0",2,10000
QA-SIM-018,Whale,8,"18 17 6","10 17 0",2,10000
QA-SIM-018,Whale,9,"17 6 19","10 17 0",2,10000
QA-SIM-018,Whale,10,"9 7 2","10 17 0",2,10000
QA-SIM-018,Whale,11,"13 12 1","10 17 0",2,10000
QA-SIM-018,Whale,12,"12 4 0","10 17 0",2,10000
QA-SIM-018,Whale,13,"0 15 14","10 17 0",2,10000
QA-SIM-018,Whale,14,"6 2 0","10 17 0",2,10000
QA-SIM-018,Whale,15,"12 0 6","10 17 0",2,10000
QA-SIM-018,Whale,16,"7 19 19","10 17 0",2,10000
QA-SIM-018,Whale,17,"16 11 7","10 17 0",2,10000
QA-SIM-018,Whale,18,"5 12 14","10 17 0",2,10000
QA-SIM-018,Whale,19,"6 13 9","10 17 0",2,10000
QA-SIM-018,Whale,20,"11 17 11","10 17 0",2,10000
QA-SIM-018,Whale,21,"17 4 10","10 17 0",2,10000
QA-SIM-018,Whale,22,"17 7 17","10 17 0",2,10000
QA-SIM-018,Whale,23,"2 13 19","10 17 0",2,10000
QA-SIM-018,Whale,24,"12 5 14","10 17 0",2,10000
QA-SIM-018,Whale,25,"1 5 14","10 17 0",2,10000
QA-SIM-018,Whale,26,"18 12 8","10 17 0",2,10000
QA-SIM-018,Whale,27,"10 19 14","10 17 0",2,10000
QA-SIM-018,Whale,28,"2 19 3","10 17 0",2,10000
QA-SIM-018,Whale,29,"14 11 13","10 17 0",2,10000
QA-SIM-018,Whale,30,"18 4 5","10 17 0",2,10000
QA-SIM-018,Whale,31,"17 6 6","10 17 0",2,10000
QA-SIM-018,Whale,32,"1 7 12","10 17 0",2,10000
QA-SIM-018,Whale,33,"0 9 13","10 17 0",2,10000
QA-SIM-018,Whale,34,"18 2 8","10 17 0",2,10000
QA-SIM-018,Whale,35,"0 15 7","10 17 0",2,10000
QA-SIM-019,Curioso,0,"14 1 0","14 1 0",3,200
QA-SIM-019,Curioso,1,"0 16 6","0 16 14",2,10000000
QA-SIM-019,Curioso,2,"10 15 16","0 16 14",2,10000000
QA-SIM-019,Curioso,3,"4 1 5","0 16 14",2,10000000
QA-SIM-019,Curioso,4,"9 4 9","0 16 14",2,10000000
QA-SIM-019,Curioso,5,"8 15 5","0 16 14",2,10000000
QA-SIM-019,Curioso,6,"14 11 4","0 16 14",2,10000000
QA-SIM-019,Curioso,7,"1 12 4","0 16 14",2,10000000
QA-SIM-019,Curioso,8,"3 4 15","0 16 14",2,10000000
QA-SIM-019,Curioso,9,"10 2 7","0 16 14",2,10000000
QA-SIM-019,Curioso,10,"17 15 15","0 16 14",2,10000000
QA-SIM-019,Curioso,11,"19 15 10","0 16 14",2,10000000
QA-SIM-019,Curioso,12,"17 15 17","0 16 14",2,10000000
QA-SIM-019,Curioso,13,"15 2 3","0 16 14",2,10000000
QA-SIM-019,Curioso,14,"3 9 9","0 16 14",2,10000000
QA-SIM-019,Curioso,15,"19 1 7","0 16 14",2,10000000
QA-SIM-019,Curioso,16,"7 11 3","0 16 14",2,10000000
QA-SIM-019,Curioso,17,"7 18 16","0 16 14",2,10000000
QA-SIM-019,Curioso,18,"4 18 18","0 16 14",2,10000000
QA-SIM-019,Curioso,19,"11 19 10","0 16 14",2,10000000
QA-SIM-019,Curioso,20,"5 4 11","0 16 14",2,10000000
QA-SIM-019,Curioso,21,"10 0 1","0 16 14",2,10000000
QA-SIM-019,Curioso,22,"2 4 10","0 16 14",2,10000000
QA-SIM-019,Curioso,23,"10 10 4","0 16 14",2,10000000
QA-SIM-019,Curioso,24,"5 4 13","0 16 14",2,10000000
QA-SIM-019,Curioso,25,"10 0 17","0 16 14",2,10000000
QA-SIM-019,Curioso,26,"1 13 3","0 16 14",2,10000000
QA-SIM-019,Curioso,27,"16 16 0","0 16 14",2,10000000
QA-SIM-019,Curioso,28,"19 14 14","0 16 14",2,10000000
QA-SIM-019,Curioso,29,"18 5 10","0 16 14",2,10000000
QA-SIM-019,Curioso,30,"12 1 3","0 16 14",2,10000000
QA-SIM-019,Curioso,31,"19 8 8","0 16 14",2,10000000
QA-SIM-019,Curioso,32,"14 16 16","0 16 14",2,10000000
QA-SIM-019,Curioso,33,"5 2 12","0 16 14",2,10000000
QA-SIM-019,Curioso,34,"10 3 17","0 16 14",2,10000000
QA-SIM-019,Curioso,35,"9 15 9","0 16 14",2,10000000
QA-SIM-020,Casual,0,"0 16 3","0 16 3",3,200
QA-SIM-020,Casual,1,"13 12 11","3 12 11",2,1000
QA-SIM-020,Casual,2,"0 17 1","3 12 11",2,1000
QA-SIM-020,Casual,3,"19 0 15","3 12 11",2,1000
QA-SIM-020,Casual,4,"3 4 3","3 12 11",2,1000
QA-SIM-020,Casual,5,"9 18 5","3 12 11",2,1000
QA-SIM-020,Casual,6,"1 12 2","3 12 11",2,1000
QA-SIM-020,Casual,7,"11 0 1","3 12 11",2,1000
QA-SIM-020,Casual,8,"16 10 7","3 12 11",2,1000
QA-SIM-020,Casual,9,"4 7 1","3 12 11",2,1000
QA-SIM-020,Casual,10,"17 6 17","3 12 11",2,1000
QA-SIM-020,Casual,11,"15 18 4","3 12 11",2,1000
QA-SIM-020,Casual,12,"6 17 13","3 12 11",2,1000
QA-SIM-020,Casual,13,"18 7 16","3 12 11",2,1000
QA-SIM-020,Casual,14,"14 3 5","3 12 11",2,1000
QA-SIM-020,Casual,15,"2 7 13","3 12 11",2,1000
QA-SIM-020,Casual,16,"0 2 11","3 12 11",2,1000
QA-SIM-020,Casual,17,"6 9 6","3 12 11",2,1000
QA-SIM-020,Casual,18,"4 9 3","3 12 11",2,1000
QA-SIM-020,Casual,19,"12 8 7","3 12 11",2,1000
QA-SIM-020,Casual,20,"4 10 3","3 12 11",2,1000
QA-SIM-020,Casual,21,"7 17 11","3 12 11",2,1000
QA-SIM-020,Casual,22,"4 3 11","3 12 11",2,1000
QA-SIM-020,Casual,23,"13 16 0","3 12 11",2,1000
QA-SIM-020,Casual,24,"3 8 14","3 12 11",2,1000
QA-SIM-020,Casual,25,"6 5 15","3 12 11",2,1000
QA-SIM-020,Casual,26,"1 15 0","3 12 11",2,1000
QA-SIM-020,Casual,27,"5 4 5","3 12 11",2,1000
QA-SIM-020,Casual,28,"9 15 19","3 12 11",2,1000
QA-SIM-020,Casual,29,"7 15 11","3 12 11",2,1000
QA-SIM-020,Casual,30,"18 10 9","3 12 11",2,1000
QA-SIM-020,Casual,31,"13 8 0","3 12 11",2,1000
QA-SIM-020,Casual,32,"12 0 3","3 12 11",2,1000
QA-SIM-020,Casual,33,"12 2 14","3 12 11",2,1000
QA-SIM-020,Casual,34,"5 9 2","3 12 11",2,1000
QA-SIM-020,Casual,35,"0 9 17","3 12 11",2,1000
QA-SIM-021,Regular,0,"15 7 15","15 7 15",3,500
QA-SIM-021,Regular,1,"5 8 10","5 14 10",2,5000
QA-SIM-021,Regular,2,"7 4 5","5 14 10",2,5000
QA-SIM-021,Regular,3,"13 18 10","5 14 10",2,5000
QA-SIM-021,Regular,4,"15 9 9","5 14 10",2,5000
QA-SIM-021,Regular,5,"3 3 5","5 14 10",2,5000
QA-SIM-021,Regular,6,"6 15 0","5 14 10",2,5000
QA-SIM-021,Regular,7,"3 4 1","5 14 10",2,5000
QA-SIM-021,Regular,8,"10 13 6","5 14 10",2,5000
QA-SIM-021,Regular,9,"5 13 15","5 14 10",2,5000
QA-SIM-021,Regular,10,"10 17 2","5 14 10",2,5000
QA-SIM-021,Regular,11,"17 1 8","5 14 10",2,5000
QA-SIM-021,Regular,12,"15 7 3","5 14 10",2,5000
QA-SIM-021,Regular,13,"1 14 7","5 14 10",2,5000
QA-SIM-021,Regular,14,"17 2 2","5 14 10",2,5000
QA-SIM-021,Regular,15,"7 0 2","5 14 10",2,5000
QA-SIM-021,Regular,16,"4 17 4","5 14 10",2,5000
QA-SIM-021,Regular,17,"15 7 8","5 14 10",2,5000
QA-SIM-021,Regular,18,"15 6 14","5 14 10",2,5000
QA-SIM-021,Regular,19,"10 10 13","5 14 10",2,5000
QA-SIM-021,Regular,20,"4 7 3","5 14 10",2,5000
QA-SIM-021,Regular,21,"5 7 15","5 14 10",2,5000
QA-SIM-021,Regular,22,"3 2 12","5 14 10",2,5000
QA-SIM-021,Regular,23,"17 5 19","5 14 10",2,5000
QA-SIM-021,Regular,24,"12 16 2","5 14 10",2,5000
QA-SIM-021,Regular,25,"4 19 7","5 14 10",2,5000
QA-SIM-021,Regular,26,"14 10 2","5 14 10",2,5000
QA-SIM-021,Regular,27,"18 17 12","5 14 10",2,5000
QA-SIM-021,Regular,28,"0 3 18","5 14 10",2,5000
QA-SIM-021,Regular,29,"3 3 17","5 14 10",2,5000
QA-SIM-021,Regular,30,"17 16 10","5 14 10",2,5000
QA-SIM-021,Regular,31,"12 7 2","5 14 10",2,5000
QA-SIM-021,Regular,32,"19 7 8","5 14 10",2,5000
QA-SIM-021,Regular,33,"13 5 6","5 14 10",2,5000
QA-SIM-021,Regular,34,"19 10 5","5 14 10",2,5000
QA-SIM-021,Regular,35,"9 19 5","5 14 10",2,5000
QA-SIM-022,Whale,0,"9 3 18","9 3 18",3,60
QA-SIM-022,Whale,1,"19 9 13","6 4 13",1,0
QA-SIM-022,Whale,2,"18 2 4","6 4 13",1,0
QA-SIM-022,Whale,3,"11 8 3","6 4 13",1,0
QA-SIM-022,Whale,4,"19 16 7","6 4 13",1,0
QA-SIM-022,Whale,5,"14 16 8","6 4 13",1,0
QA-SIM-022,Whale,6,"16 19 12","6 4 13",1,0
QA-SIM-022,Whale,7,"13 15 8","6 4 13",1,0
QA-SIM-022,Whale,8,"11 5 17","6 4 13",1,0
QA-SIM-022,Whale,9,"15 11 7","6 4 13",1,0
QA-SIM-022,Whale,10,"16 4 8","6 4 13",1,0
QA-SIM-022,Whale,11,"4 13 9","6 4 13",1,0
QA-SIM-022,Whale,12,"1 8 8","6 4 13",1,0
QA-SIM-022,Whale,13,"10 12 17","6 4 13",1,0
QA-SIM-022,Whale,14,"1 18 17","6 4 13",1,0
QA-SIM-022,Whale,15,"13 18 17","6 4 13",1,0
QA-SIM-022,Whale,16,"15 4 13","6 4 13",1,0
QA-SIM-022,Whale,17,"1 9 17","6 4 13",1,0
QA-SIM-022,Whale,18,"3 7 15","6 4 13",1,0
QA-SIM-022,Whale,19,"16 18 4","6 4 13",1,0
QA-SIM-022,Whale,20,"13 0 5","6 4 13",1,0
QA-SIM-022,Whale,21,"15 2 13","6 4 13",1,0
QA-SIM-022,Whale,22,"18 8 11","6 4 13",1,0
QA-SIM-022,Whale,23,"5 18 3","6 4 13",1,0
QA-SIM-022,Whale,24,"3 10 12","6 4 13",1,0
QA-SIM-022,Whale,25,"18 16 12","6 4 13",1,0
QA-SIM-022,Whale,26,"15 6 10","6 4 13",1,0
QA-SIM-022,Whale,27,"7 15 11","6 4 13",1,0
QA-SIM-022,Whale,28,"3 18 8","6 4 13",1,0
QA-SIM-022,Whale,29,"18 13 1","6 4 13",1,0
QA-SIM-022,Whale,30,"17 6 7","6 4 13",1,0
QA-SIM-022,Whale,31,"10 10 15","6 4 13",1,0
QA-SIM-022,Whale,32,"19 7 12","6 4 13",1,0
QA-SIM-022,Whale,33,"4 17 6","6 4 13",1,0
QA-SIM-022,Whale,34,"4 14 0","6 4 13",1,0
QA-SIM-022,Whale,35,"10 14 6","6 4 13",1,0
QA-SIM-023,Curioso,0,"19 12 1","19 12 1",3,60
QA-SIM-023,Curioso,1,"2 0 11","2 3 4",1,0
QA-SIM-023,Curioso,2,"7 16 4","2 3 4",1,0
QA-SIM-023,Curioso,3,"12 13 12","2 3 4",1,0
QA-SIM-023,Curioso,4,"7 2 19","2 3 4",1,0
QA-SIM-023,Curioso,5,"9 2 17","2 3 4",1,0
QA-SIM-023,Curioso,6,"2 15 8","2 3 4",1,0
QA-SIM-023,Curioso,7,"6 7 6","2 3 4",1,0
QA-SIM-023,Curioso,8,"7 3 14","2 3 4",1,0
QA-SIM-023,Curioso,9,"10 11 19","2 3 4",1,0
QA-SIM-023,Curioso,10,"11 7 5","2 3 4",1,0
QA-SIM-023,Curioso,11,"15 17 18","2 3 4",1,0
QA-SIM-023,Curioso,12,"16 10 14","2 3 4",1,0
QA-SIM-023,Curioso,13,"17 2 8","2 3 4",1,0
QA-SIM-023,Curioso,14,"0 1 19","2 3 4",1,0
QA-SIM-023,Curioso,15,"13 0 4","2 3 4",1,0
QA-SIM-023,Curioso,16,"19 9 15","2 3 4",1,0
QA-SIM-023,Curioso,17,"3 19 6","2 3 4",1,0
QA-SIM-023,Curioso,18,"9 10 9","2 3 4",1,0
QA-SIM-023,Curioso,19,"8 12 19","2 3 4",1,0
QA-SIM-023,Curioso,20,"10 8 2","2 3 4",1,0
QA-SIM-023,Curioso,21,"14 8 7","2 3 4",1,0
QA-SIM-023,Curioso,22,"7 9 8","2 3 4",1,0
QA-SIM-023,Curioso,23,"7 9 19","2 3 4",1,0
QA-SIM-023,Curioso,24,"1 12 6","2 3 4",1,0
QA-SIM-023,Curioso,25,"3 16 19","2 3 4",1,0
QA-SIM-023,Curioso,26,"10 0 14","2 3 4",1,0
QA-SIM-023,Curioso,27,"17 18 1","2 3 4",1,0
QA-SIM-023,Curioso,28,"3 0 9","2 3 4",1,0
QA-SIM-023,Curioso,29,"2 13 0","2 3 4",1,0
QA-SIM-023,Curioso,30,"15 6 9","2 3 4",1,0
QA-SIM-023,Curioso,31,"9 5 7","2 3 4",1,0
QA-SIM-023,Curioso,32,"10 13 2","2 3 4",1,0
QA-SIM-023,Curioso,33,"19 19 7","2 3 4",1,0
QA-SIM-023,Curioso,34,"17 13 9","2 3 4",1,0
QA-SIM-023,Curioso,35,"7 5 10","2 3 4",1,0
QA-SIM-024,Casual,0,"12 14 4","12 14 4",3,60
QA-SIM-024,Casual,1,"10 16 0","10 16 3",2,200
QA-SIM-024,Casual,2,"5 15 16","10 16 3",2,200
QA-SIM-024,Casual,3,"3 14 4","10 16 3",2,200
QA-SIM-024,Casual,4,"1 5 17","10 16 3",2,200
QA-SIM-024,Casual,5,"16 6 9","10 16 3",2,200
QA-SIM-024,Casual,6,"9 19 12","10 16 3",2,200
QA-SIM-024,Casual,7,"18 1 6","10 16 3",2,200
QA-SIM-024,Casual,8,"6 19 11","10 16 3",2,200
QA-SIM-024,Casual,9,"15 0 5","10 16 3",2,200
QA-SIM-024,Casual,10,"16 19 18","10 16 3",2,200
QA-SIM-024,Casual,11,"2 9 18","10 16 3",2,200
QA-SIM-024,Casual,12,"2 18 18","10 16 3",2,200
QA-SIM-024,Casual,13,"8 18 13","10 16 3",2,200
QA-SIM-024,Casual,14,"7 13 0","10 16 3",2,200
QA-SIM-024,Casual,15,"0 15 11","10 16 3",2,200
QA-SIM-024,Casual,16,"10 11 7","10 16 3",2,200
QA-SIM-024,Casual,17,"19 2 1","10 16 3",2,200
QA-SIM-024,Casual,18,"9 12 6","10 16 3",2,200
QA-SIM-024,Casual,19,"17 1 10","10 16 3",2,200
QA-SIM-024,Casual,20,"4 16 15","10 16 3",2,200
QA-SIM-024,Casual,21,"4 13 18","10 16 3",2,200
QA-SIM-024,Casual,22,"15 2 5","10 16 3",2,200
QA-SIM-024,Casual,23,"16 6 16","10 16 3",2,200
QA-SIM-024,Casual,24,"15 5 0","10 16 3",2,200
QA-SIM-024,Casual,25,"3 18 0","10 16 3",2,200
QA-SIM-024,Casual,26,"14 6 13","10 16 3",2,200
QA-SIM-024,Casual,27,"12 19 15","10 16 3",2,200
QA-SIM-024,Casual,28,"11 11 1","10 16 3",2,200
QA-SIM-024,Casual,29,"11 5 12","10 16 3",2,200
QA-SIM-024,Casual,30,"14 8 4","10 16 3",2,200
QA-SIM-024,Casual,31,"16 12 3","10 16 3",2,200
QA-SIM-024,Casual,32,"15 2 7","10 16 3",2,200
QA-SIM-024,Casual,33,"9 1 8","10 16 3",2,200
QA-SIM-024,Casual,34,"1 15 11","10 16 3",2,200
QA-SIM-024,Casual,35,"10 8 17","10 16 3",2,200
QA-SIM-025,Regular,0,"11 8 5","11 8 5",3,500
QA-SIM-025,Regular,1,"1 19 1","1 19 9",2,5000
QA-SIM-025,Regular,2,"8 16 3","1 19 9",2,5000
QA-SIM-025,Regular,3,"2 8 14","1 19 9",2,5000
QA-SIM-025,Regular,4,"15 1 3","1 19 9",2,5000
QA-SIM-025,Regular,5,"9 10 7","1 19 9",2,5000
QA-SIM-025,Regular,6,"6 18 15","1 19 9",2,5000
QA-SIM-025,Regular,7,"9 14 3","1 19 9",2,5000
QA-SIM-025,Regular,8,"6 9 8","1 19 9",2,5000
QA-SIM-025,Regular,9,"15 15 19","1 19 9",2,5000
QA-SIM-025,Regular,10,"15 10 19","1 19 9",2,5000
QA-SIM-025,Regular,11,"15 6 1","1 19 9",2,5000
QA-SIM-025,Regular,12,"13 4 13","1 19 9",2,5000
QA-SIM-025,Regular,13,"9 1 4","1 19 9",2,5000
QA-SIM-025,Regular,14,"18 17 8","1 19 9",2,5000
QA-SIM-025,Regular,15,"5 12 17","1 19 9",2,5000
QA-SIM-025,Regular,16,"7 11 17","1 19 9",2,5000
QA-SIM-025,Regular,17,"15 10 15","1 19 9",2,5000
QA-SIM-025,Regular,18,"9 10 11","1 19 9",2,5000
QA-SIM-025,Regular,19,"9 0 4","1 19 9",2,5000
QA-SIM-025,Regular,20,"10 13 17","1 19 9",2,5000
QA-SIM-025,Regular,21,"7 2 6","1 19 9",2,5000
QA-SIM-025,Regular,22,"18 12 12","1 19 9",2,5000
QA-SIM-025,Regular,23,"4 8 12","1 19 9",2,5000
QA-SIM-025,Regular,24,"16 18 12","1 19 9",2,5000
QA-SIM-025,Regular,25,"10 15 2","1 19 9",2,5000
QA-SIM-025,Regular,26,"7 10 1","1 19 9",2,5000
QA-SIM-025,Regular,27,"19 1 8","1 19 9",2,5000
QA-SIM-025,Regular,28,"12 7 9","1 19 9",2,5000
QA-SIM-025,Regular,29,"14 9 3","1 19 9",2,5000
QA-SIM-025,Regular,30,"6 11 11","1 19 9",2,5000
QA-SIM-025,Regular,31,"17 16 1","1 19 9",2,5000
QA-SIM-025,Regular,32,"13 5 1","1 19 9",2,5000
QA-SIM-025,Regular,33,"18 5 2","1 19 9",2,5000
QA-SIM-025,Regular,34,"8 10 7","1 19 9",2,5000
QA-SIM-025,Regular,35,"10 14 3","1 19 9",2,5000
QA-SIM-026,Whale,0,"9 14 11","9 14 11",3,200
QA-SIM-026,Whale,1,"8 4 6","12 5 6",1,5000
QA-SIM-026,Whale,2,"8 1 14","12 5 6",1,5000
QA-SIM-026,Whale,3,"3 19 9","12 5 6",1,5000
QA-SIM-026,Whale,4,"17 13 18","12 5 6",1,5000
QA-SIM-026,Whale,5,"11 3 16","12 5 6",1,5000
QA-SIM-026,Whale,6,"7 1 16","12 5 6",1,5000
QA-SIM-026,Whale,7,"3 17 1","12 5 6",1,5000
QA-SIM-026,Whale,8,"9 6 2","12 5 6",1,5000
QA-SIM-026,Whale,9,"5 19 19","12 5 6",1,5000
QA-SIM-026,Whale,10,"4 19 1","12 5 6",1,5000
QA-SIM-026,Whale,11,"19 17 8","12 5 6",1,5000
QA-SIM-026,Whale,12,"17 15 6","12 5 6",1,5000
QA-SIM-026,Whale,13,"0 9 17","12 5 6",1,5000
QA-SIM-026,Whale,14,"17 8 5","12 5 6",1,5000
QA-SIM-026,Whale,15,"0 5 13","12 5 6",1,5000
QA-SIM-026,Whale,16,"18 16 5","12 5 6",1,5000
QA-SIM-026,Whale,17,"0 5 9","12 5 6",1,5000
QA-SIM-026,Whale,18,"19 4 12","12 5 6",1,5000
QA-SIM-026,Whale,19,"16 0 17","12 5 6",1,5000
QA-SIM-026,Whale,20,"19 17 8","12 5 6",1,5000
QA-SIM-026,Whale,21,"5 1 15","12 5 6",1,5000
QA-SIM-026,Whale,22,"16 15 2","12 5 6",1,5000
QA-SIM-026,Whale,23,"13 5 19","12 5 6",1,5000
QA-SIM-026,Whale,24,"0 3 6","12 5 6",1,5000
QA-SIM-026,Whale,25,"5 19 1","12 5 6",1,5000
QA-SIM-026,Whale,26,"0 15 0","12 5 6",1,5000
QA-SIM-026,Whale,27,"8 10 7","12 5 6",1,5000
QA-SIM-026,Whale,28,"9 16 12","12 5 6",1,5000
QA-SIM-026,Whale,29,"17 8 0","12 5 6",1,5000
QA-SIM-026,Whale,30,"0 17 12","12 5 6",1,5000
QA-SIM-026,Whale,31,"12 10 1","12 5 6",1,5000
QA-SIM-026,Whale,32,"19 4 12","12 5 6",1,5000
QA-SIM-026,Whale,33,"18 4 12","12 5 6",1,5000
QA-SIM-026,Whale,34,"14 13 6","12 5 6",1,5000
QA-SIM-026,Whale,35,"7 15 0","12 5 6",1,5000
QA-SIM-027,Curioso,0,"15 3 14","15 3 14",3,200
QA-SIM-027,Curioso,1,"14 18 3","19 18 3",2,10000
QA-SIM-027,Curioso,2,"16 16 7","19 18 3",2,10000
QA-SIM-027,Curioso,3,"15 3 15","19 18 3",2,10000
QA-SIM-027,Curioso,4,"6 3 14","19 18 3",2,10000
QA-SIM-027,Curioso,5,"4 19 19","19 18 3",2,10000
QA-SIM-027,Curioso,6,"0 19 11","19 18 3",2,10000
QA-SIM-027,Curioso,7,"1 3 0","19 18 3",2,10000
QA-SIM-027,Curioso,8,"9 19 11","19 18 3",2,10000
QA-SIM-027,Curioso,9,"2 17 19","19 18 3",2,10000
QA-SIM-027,Curioso,10,"4 9 6","19 18 3",2,10000
QA-SIM-027,Curioso,11,"8 0 18","19 18 3",2,10000
QA-SIM-027,Curioso,12,"18 12 2","19 18 3",2,10000
QA-SIM-027,Curioso,13,"11 9 16","19 18 3",2,10000
QA-SIM-027,Curioso,14,"17 17 14","19 18 3",2,10000
QA-SIM-027,Curioso,15,"0 11 14","19 18 3",2,10000
QA-SIM-027,Curioso,16,"18 5 17","19 18 3",2,10000
QA-SIM-027,Curioso,17,"7 4 6","19 18 3",2,10000
QA-SIM-027,Curioso,18,"11 5 6","19 18 3",2,10000
QA-SIM-027,Curioso,19,"6 0 19","19 18 3",2,10000
QA-SIM-027,Curioso,20,"4 18 17","19 18 3",2,10000
QA-SIM-027,Curioso,21,"4 6 7","19 18 3",2,10000
QA-SIM-027,Curioso,22,"14 9 5","19 18 3",2,10000
QA-SIM-027,Curioso,23,"8 17 14","19 18 3",2,10000
QA-SIM-027,Curioso,24,"16 2 8","19 18 3",2,10000
QA-SIM-027,Curioso,25,"9 5 18","19 18 3",2,10000
QA-SIM-027,Curioso,26,"7 15 13","19 18 3",2,10000
QA-SIM-027,Curioso,27,"18 4 19","19 18 3",2,10000
QA-SIM-027,Curioso,28,"18 2 3","19 18 3",2,10000
QA-SIM-027,Curioso,29,"11 17 15","19 18 3",2,10000
QA-SIM-027,Curioso,30,"17 16 15","19 18 3",2,10000
QA-SIM-027,Curioso,31,"9 0 2","19 18 3",2,10000
QA-SIM-027,Curioso,32,"2 14 8","19 18 3",2,10000
QA-SIM-027,Curioso,33,"14 12 16","19 18 3",2,10000
QA-SIM-027,Curioso,34,"14 5 5","19 18 3",2,10000
QA-SIM-027,Curioso,35,"4 0 11","19 18 3",2,10000
QA-SIM-028,Casual,0,"15 7 9","15 7 9",3,200
QA-SIM-028,Casual,1,"8 16 16","8 16 16",3,200
QA-SIM-028,Casual,2,"13 1 18","11 1 18",2,5000
QA-SIM-028,Casual,3,"19 11 13","11 1 18",2,5000
QA-SIM-028,Casual,4,"5 3 6","11 1 18",2,5000
QA-SIM-028,Casual,5,"16 11 4","11 1 18",2,5000
QA-SIM-028,Casual,6,"2 3 6","11 1 18",2,5000
QA-SIM-028,Casual,7,"15 0 7","11 1 18",2,5000
QA-SIM-028,Casual,8,"14 9 6","11 1 18",2,5000
QA-SIM-028,Casual,9,"19 7 10","11 1 18",2,5000
QA-SIM-028,Casual,10,"2 15 1","11 1 18",2,5000
QA-SIM-028,Casual,11,"0 16 1","11 1 18",2,5000
QA-SIM-028,Casual,12,"4 13 13","11 1 18",2,5000
QA-SIM-028,Casual,13,"0 4 14","11 1 18",2,5000
QA-SIM-028,Casual,14,"7 10 0","11 1 18",2,5000
QA-SIM-028,Casual,15,"16 19 0","11 1 18",2,5000
QA-SIM-028,Casual,16,"8 14 8","11 1 18",2,5000
QA-SIM-028,Casual,17,"11 3 19","11 1 18",2,5000
QA-SIM-028,Casual,18,"6 3 3","11 1 18",2,5000
QA-SIM-028,Casual,19,"7 12 6","11 1 18",2,5000
QA-SIM-028,Casual,20,"4 1 15","11 1 18",2,5000
QA-SIM-028,Casual,21,"15 17 16","11 1 18",2,5000
QA-SIM-028,Casual,22,"13 17 7","11 1 18",2,5000
QA-SIM-028,Casual,23,"2 17 14","11 1 18",2,5000
QA-SIM-028,Casual,24,"0 4 16","11 1 18",2,5000
QA-SIM-028,Casual,25,"10 16 14","11 1 18",2,5000
QA-SIM-028,Casual,26,"6 1 5","11 1 18",2,5000
QA-SIM-028,Casual,27,"5 18 16","11 1 18",2,5000
QA-SIM-028,Casual,28,"0 16 10","11 1 18",2,5000
QA-SIM-028,Casual,29,"13 14 0","11 1 18",2,5000
QA-SIM-028,Casual,30,"11 0 19","11 1 18",2,5000
QA-SIM-028,Casual,31,"3 17 2","11 1 18",2,5000
QA-SIM-028,Casual,32,"6 14 4","11 1 18",2,5000
QA-SIM-028,Casual,33,"4 18 7","11 1 18",2,5000
QA-SIM-028,Casual,34,"14 3 1","11 1 18",2,5000
QA-SIM-028,Casual,35,"13 5 15","11 1 18",2,5000
QA-SIM-029,Regular,0,"10 11 11","10 11 11",3,60
QA-SIM-029,Regular,1,"5 1 5","5 2 5",2,0
QA-SIM-029,Regular,2,"17 1 14","5 2 5",2,0
QA-SIM-029,Regular,3,"5 2 2","5 2 5",2,0
QA-SIM-029,Regular,4,"10 7 18","5 2 5",2,0
QA-SIM-029,Regular,5,"8 16 18","5 2 5",2,0
QA-SIM-029,Regular,6,"10 11 18","5 2 5",2,0
QA-SIM-029,Regular,7,"12 16 19","5 2 5",2,0
QA-SIM-029,Regular,8,"18 5 8","5 2 5",2,0
QA-SIM-029,Regular,9,"7 14 4","5 2 5",2,0
QA-SIM-029,Regular,10,"11 11 5","5 2 5",2,0
QA-SIM-029,Regular,11,"16 13 14","5 2 5",2,0
QA-SIM-029,Regular,12,"18 17 9","5 2 5",2,0
QA-SIM-029,Regular,13,"0 19 16","5 2 5",2,0
QA-SIM-029,Regular,14,"14 10 1","5 2 5",2,0
QA-SIM-029,Regular,15,"4 19 12","5 2 5",2,0
QA-SIM-029,Regular,16,"1 1 12","5 2 5",2,0
QA-SIM-029,Regular,17,"9 15 5","5 2 5",2,0
QA-SIM-029,Regular,18,"4 9 4","5 2 5",2,0
QA-SIM-029,Regular,19,"0 11 8","5 2 5",2,0
QA-SIM-029,Regular,20,"7 14 11","5 2 5",2,0
QA-SIM-029,Regular,21,"3 0 13","5 2 5",2,0
QA-SIM-029,Regular,22,"18 13 2","5 2 5",2,0
QA-SIM-029,Regular,23,"18 3 4","5 2 5",2,0
QA-SIM-029,Regular,24,"2 19 6","5 2 5",2,0
QA-SIM-029,Regular,25,"11 4 14","5 2 5",2,0
QA-SIM-029,Regular,26,"11 5 19","5 2 5",2,0
QA-SIM-029,Regular,27,"2 16 9","5 2 5",2,0
QA-SIM-029,Regular,28,"13 10 16","5 2 5",2,0
QA-SIM-029,Regular,29,"14 10 16","5 2 5",2,0
QA-SIM-029,Regular,30,"9 17 7","5 2 5",2,0
QA-SIM-029,Regular,31,"8 10 4","5 2 5",2,0
QA-SIM-029,Regular,32,"12 15 9","5 2 5",2,0
QA-SIM-029,Regular,33,"14 11 15","5 2 5",2,0
QA-SIM-029,Regular,34,"8 2 13","5 2 5",2,0
QA-SIM-029,Regular,35,"7 3 4","5 2 5",2,0
QA-SIM-030,Whale,0,"16 9 17","16 9 17",3,500
QA-SIM-030,Whale,1,"6 14 19","6 0 19",2,1000000
QA-SIM-030,Whale,2,"13 4 13","6 0 19",2,1000000
QA-SIM-030,Whale,3,"16 6 11","6 0 19",2,1000000
QA-SIM-030,Whale,4,"10 4 6","6 0 19",2,1000000
QA-SIM-030,Whale,5,"7 7 3","6 0 19",2,1000000
QA-SIM-030,Whale,6,"10 5 2","6 0 19",2,1000000
QA-SIM-030,Whale,7,"16 15 17","6 0 19",2,1000000
QA-SIM-030,Whale,8,"11 8 2","6 0 19",2,1000000
QA-SIM-030,Whale,9,"18 0 5","6 0 19",2,1000000
QA-SIM-030,Whale,10,"1 1 16","6 0 19",2,1000000
QA-SIM-030,Whale,11,"2 18 9","6 0 19",2,1000000
QA-SIM-030,Whale,12,"5 0 18","6 0 19",2,1000000
QA-SIM-030,Whale,13,"12 15 8","6 0 19",2,1000000
QA-SIM-030,Whale,14,"19 14 3","6 0 19",2,1000000
QA-SIM-030,Whale,15,"17 18 4","6 0 19",2,1000000
QA-SIM-030,Whale,16,"13 13 6","6 0 19",2,1000000
QA-SIM-030,Whale,17,"7 11 7","6 0 19",2,1000000
QA-SIM-030,Whale,18,"12 13 0","6 0 19",2,1000000
QA-SIM-030,Whale,19,"1 15 0","6 0 19",2,1000000
QA-SIM-030,Whale,20,"2 12 7","6 0 19",2,1000000
QA-SIM-030,Whale,21,"0 10 5","6 0 19",2,1000000
QA-SIM-030,Whale,22,"17 3 10","6 0 19",2,1000000
QA-SIM-030,Whale,23,"4 10 18","6 0 19",2,1000000
QA-SIM-030,Whale,24,"9 0 18","6 0 19",2,1000000
QA-SIM-030,Whale,25,"16 17 0","6 0 19",2,1000000
QA-SIM-030,Whale,26,"17 15 3","6 0 19",2,1000000
QA-SIM-030,Whale,27,"9 16 4","6 0 19",2,1000000
QA-SIM-030,Whale,28,"10 14 5","6 0 19",2,1000000
QA-SIM-030,Whale,29,"17 12 8","6 0 19",2,1000000
QA-SIM-030,Whale,30,"11 16 15","6 0 19",2,1000000
QA-SIM-030,Whale,31,"1 3 0","6 0 19",2,1000000
QA-SIM-030,Whale,32,"12 1 7","6 0 19",2,1000000
QA-SIM-030,Whale,33,"12 15 17","6 0 19",2,1000000
QA-SIM-030,Whale,34,"10 13 19","6 0 19",2,1000000
QA-SIM-030,Whale,35,"17 8 15","6 0 19",2,1000000
QA-SIM-031,Curioso,0,"12 6 17","12 6 17",3,60
QA-SIM-031,Curioso,1,"17 9 17","17 2 17",2,5000
QA-SIM-031,Curioso,2,"18 17 18","17 2 17",2,5000
QA-SIM-031,Curioso,3,"19 8 5","17 2 17",2,5000
QA-SIM-031,Curioso,4,"16 2 16","17 2 17",2,5000
QA-SIM-031,Curioso,5,"19 10 16","17 2 17",2,5000
QA-SIM-031,Curioso,6,"4 4 11","17 2 17",2,5000
QA-SIM-031,Curioso,7,"6 1 10","17 2 17",2,5000
QA-SIM-031,Curioso,8,"9 9 6","17 2 17",2,5000
QA-SIM-031,Curioso,9,"11 18 16","17 2 17",2,5000
QA-SIM-031,Curioso,10,"11 4 2","17 2 17",2,5000
QA-SIM-031,Curioso,11,"12 3 4","17 2 17",2,5000
QA-SIM-031,Curioso,12,"13 1 14","17 2 17",2,5000
QA-SIM-031,Curioso,13,"19 7 0","17 2 17",2,5000
QA-SIM-031,Curioso,14,"19 0 18","17 2 17",2,5000
QA-SIM-031,Curioso,15,"9 6 9","17 2 17",2,5000
QA-SIM-031,Curioso,16,"19 3 11","17 2 17",2,5000
QA-SIM-031,Curioso,17,"8 13 0","17 2 17",2,5000
QA-SIM-031,Curioso,18,"9 19 17","17 2 17",2,5000
QA-SIM-031,Curioso,19,"3 3 11","17 2 17",2,5000
QA-SIM-031,Curioso,20,"13 4 3","17 2 17",2,5000
QA-SIM-031,Curioso,21,"18 0 19","17 2 17",2,5000
QA-SIM-031,Curioso,22,"17 3 16","17 2 17",2,5000
QA-SIM-031,Curioso,23,"6 16 2","17 2 17",2,5000
QA-SIM-031,Curioso,24,"4 11 16","17 2 17",2,5000
QA-SIM-031,Curioso,25,"15 4 5","17 2 17",2,5000
QA-SIM-031,Curioso,26,"3 15 17","17 2 17",2,5000
QA-SIM-031,Curioso,27,"14 9 9","17 2 17",2,5000
QA-SIM-031,Curioso,28,"1 6 7","17 2 17",2,5000
QA-SIM-031,Curioso,29,"19 2 18","17 2 17",2,5000
QA-SIM-031,Curioso,30,"4 4 14","17 2 17",2,5000
QA-SIM-031,Curioso,31,"4 17 7","17 2 17",2,5000
QA-SIM-031,Curioso,32,"15 18 5","17 2 17",2,5000
QA-SIM-031,Curioso,33,"6 11 2","17 2 17",2,5000
QA-SIM-031,Curioso,34,"13 1 7","17 2 17",2,5000
QA-SIM-031,Curioso,35,"9 12 3","17 2 17",2,5000
QA-SIM-032,Casual,0,"13 19 17","13 19 17",3,60
QA-SIM-032,Casual,1,"18 4 7","18 3 17",1,10000000
QA-SIM-032,Casual,2,"16 6 12","18 3 17",1,10000000
QA-SIM-032,Casual,3,"0 17 15","18 3 17",1,10000000
QA-SIM-032,Casual,4,"2 19 18","18 3 17",1,10000000
QA-SIM-032,Casual,5,"4 15 1","18 3 17",1,10000000
QA-SIM-032,Casual,6,"8 13 18","18 3 17",1,10000000
QA-SIM-032,Casual,7,"7 11 15","18 3 17",1,10000000
QA-SIM-032,Casual,8,"1 3 8","18 3 17",1,10000000
QA-SIM-032,Casual,9,"8 14 8","18 3 17",1,10000000
QA-SIM-032,Casual,10,"16 15 5","18 3 17",1,10000000
QA-SIM-032,Casual,11,"6 17 13","18 3 17",1,10000000
QA-SIM-032,Casual,12,"6 16 2","18 3 17",1,10000000
QA-SIM-032,Casual,13,"12 10 1","18 3 17",1,10000000
QA-SIM-032,Casual,14,"7 0 12","18 3 17",1,10000000
QA-SIM-032,Casual,15,"10 11 14","18 3 17",1,10000000
QA-SIM-032,Casual,16,"5 5 6","18 3 17",1,10000000
QA-SIM-032,Casual,17,"10 14 5","18 3 17",1,10000000
QA-SIM-032,Casual,18,"8 16 14","18 3 17",1,10000000
QA-SIM-032,Casual,19,"0 1 16","18 3 17",1,10000000
QA-SIM-032,Casual,20,"2 11 8","18 3 17",1,10000000
QA-SIM-032,Casual,21,"19 0 18","18 3 17",1,10000000
QA-SIM-032,Casual,22,"6 18 14","18 3 17",1,10000000
QA-SIM-032,Casual,23,"1 17 13","18 3 17",1,10000000
QA-SIM-032,Casual,24,"5 0 2","18 3 17",1,10000000
QA-SIM-032,Casual,25,"19 18 4","18 3 17",1,10000000
QA-SIM-032,Casual,26,"0 17 1","18 3 17",1,10000000
QA-SIM-032,Casual,27,"5 9 9","18 3 17",1,10000000
QA-SIM-032,Casual,28,"16 18 10","18 3 17",1,10000000
QA-SIM-032,Casual,29,"18 16 4","18 3 17",1,10000000
QA-SIM-032,Casual,30,"11 19 10","18 3 17",1,10000000
QA-SIM-032,Casual,31,"15 11 10","18 3 17",1,10000000
QA-SIM-032,Casual,32,"5 16 5","18 3 17",1,10000000
QA-SIM-032,Casual,33,"7 7 1","18 3 17",1,10000000
QA-SIM-032,Casual,34,"7 2 0","18 3 17",1,10000000
QA-SIM-032,Casual,35,"13 12 5","18 3 17",1,10000000
QA-SIM-033,Regular,0,"12 1 15","12 1 15",3,60
QA-SIM-033,Regular,1,"12 7 0","12 1 0",2,1000000
QA-SIM-033,Regular,2,"18 1 5","12 1 0",2,1000000
QA-SIM-033,Regular,3,"14 15 0","12 1 0",2,1000000
QA-SIM-033,Regular,4,"11 13 12","12 1 0",2,1000000
QA-SIM-033,Regular,5,"15 12 9","12 1 0",2,1000000
QA-SIM-033,Regular,6,"2 9 2","12 1 0",2,1000000
QA-SIM-033,Regular,7,"4 1 17","12 1 0",2,1000000
QA-SIM-033,Regular,8,"15 10 17","12 1 0",2,1000000
QA-SIM-033,Regular,9,"19 19 12","12 1 0",2,1000000
QA-SIM-033,Regular,10,"16 2 9","12 1 0",2,1000000
QA-SIM-033,Regular,11,"14 8 2","12 1 0",2,1000000
QA-SIM-033,Regular,12,"0 3 14","12 1 0",2,1000000
QA-SIM-033,Regular,13,"13 18 10","12 1 0",2,1000000
QA-SIM-033,Regular,14,"19 1 15","12 1 0",2,1000000
QA-SIM-033,Regular,15,"10 2 8","12 1 0",2,1000000
QA-SIM-033,Regular,16,"19 16 14","12 1 0",2,1000000
QA-SIM-033,Regular,17,"1 10 18","12 1 0",2,1000000
QA-SIM-033,Regular,18,"2 15 2","12 1 0",2,1000000
QA-SIM-033,Regular,19,"8 16 2","12 1 0",2,1000000
QA-SIM-033,Regular,20,"12 11 9","12 1 0",2,1000000
QA-SIM-033,Regular,21,"14 4 4","12 1 0",2,1000000
QA-SIM-033,Regular,22,"0 7 5","12 1 0",2,1000000
QA-SIM-033,Regular,23,"11 8 10","12 1 0",2,1000000
QA-SIM-033,Regular,24,"5 10 9","12 1 0",2,1000000
QA-SIM-033,Regular,25,"12 8 17","12 1 0",2,1000000
QA-SIM-033,Regular,26,"8 10 17","12 1 0",2,1000000
QA-SIM-033,Regular,27,"6 1 19","12 1 0",2,1000000
QA-SIM-033,Regular,28,"18 16 14","12 1 0",2,1000000
QA-SIM-033,Regular,29,"14 6 8","12 1 0",2,1000000
QA-SIM-033,Regular,30,"5 15 14","12 1 0",2,1000000
QA-SIM-033,Regular,31,"8 1 19","12 1 0",2,1000000
QA-SIM-033,Regular,32,"12 4 5","12 1 0",2,1000000
QA-SIM-033,Regular,33,"0 17 13","12 1 0",2,1000000
QA-SIM-033,Regular,34,"4 11 16","12 1 0",2,1000000
QA-SIM-033,Regular,35,"3 12 5","12 1 0",2,1000000
QA-SIM-034,Whale,0,"9 8 6","9 8 6",3,200
QA-SIM-034,Whale,1,"2 11 7","4 11 7",2,10000
QA-SIM-034,Whale,2,"10 13 4","4 11 7",2,10000
QA-SIM-034,Whale,3,"17 15 17","4 11 7",2,10000
QA-SIM-034,Whale,4,"1 19 19","4 11 7",2,10000
QA-SIM-034,Whale,5,"19 6 11","4 11 7",2,10000
QA-SIM-034,Whale,6,"17 19 1","4 11 7",2,10000
QA-SIM-034,Whale,7,"0 7 11","4 11 7",2,10000
QA-SIM-034,Whale,8,"18 8 3","4 11 7",2,10000
QA-SIM-034,Whale,9,"18 11 15","4 11 7",2,10000
QA-SIM-034,Whale,10,"4 2 7","4 11 7",2,10000
QA-SIM-034,Whale,11,"8 13 10","4 11 7",2,10000
QA-SIM-034,Whale,12,"7 18 14","4 11 7",2,10000
QA-SIM-034,Whale,13,"16 17 11","4 11 7",2,10000
QA-SIM-034,Whale,14,"4 7 9","4 11 7",2,10000
QA-SIM-034,Whale,15,"15 6 17","4 11 7",2,10000
QA-SIM-034,Whale,16,"14 0 17","4 11 7",2,10000
QA-SIM-034,Whale,17,"9 0 2","4 11 7",2,10000
QA-SIM-034,Whale,18,"14 5 10","4 11 7",2,10000
QA-SIM-034,Whale,19,"9 5 8","4 11 7",2,10000
QA-SIM-034,Whale,20,"0 0 10","4 11 7",2,10000
QA-SIM-034,Whale,21,"6 0 18","4 11 7",2,10000
QA-SIM-034,Whale,22,"12 16 8","4 11 7",2,10000
QA-SIM-034,Whale,23,"7 8 0","4 11 7",2,10000
QA-SIM-034,Whale,24,"7 18 3","4 11 7",2,10000
QA-SIM-034,Whale,25,"14 7 17","4 11 7",2,10000
QA-SIM-034,Whale,26,"4 4 1","4 11 7",2,10000
QA-SIM-034,Whale,27,"17 15 19","4 11 7",2,10000
QA-SIM-034,Whale,28,"2 17 0","4 11 7",2,10000
QA-SIM-034,Whale,29,"0 3 19","4 11 7",2,10000
QA-SIM-034,Whale,30,"4 4 9","4 11 7",2,10000
QA-SIM-034,Whale,31,"19 14 7","4 11 7",2,10000
QA-SIM-034,Whale,32,"12 1 7","4 11 7",2,10000
QA-SIM-034,Whale,33,"18 3 8","4 11 7",2,10000
QA-SIM-034,Whale,34,"18 9 2","4 11 7",2,10000
QA-SIM-034,Whale,35,"11 12 8","4 11 7",2,10000
QA-SIM-035,Curioso,0,"2 14 2","2 14 2",3,500
QA-SIM-035,Curioso,1,"18 6 13","18 6 13",3,60
QA-SIM-035,Curioso,2,"13 9 8","0 9 8",2,5000000
QA-SIM-035,Curioso,3,"16 15 10","0 9 8",2,5000000
QA-SIM-035,Curioso,4,"7 3 7","0 9 8",2,5000000
QA-SIM-035,Curioso,5,"19 13 19","0 9 8",2,5000000
QA-SIM-035,Curioso,6,"9 14 2","0 9 8",2,5000000
QA-SIM-035,Curioso,7,"10 5 4","0 9 8",2,5000000
QA-SIM-035,Curioso,8,"1 4 7","0 9 8",2,5000000
QA-SIM-035,Curioso,9,"17 0 4","0 9 8",2,5000000
QA-SIM-035,Curioso,10,"3 7 9","0 9 8",2,5000000
QA-SIM-035,Curioso,11,"9 15 3","0 9 8",2,5000000
QA-SIM-035,Curioso,12,"12 11 11","0 9 8",2,5000000
QA-SIM-035,Curioso,13,"3 3 17","0 9 8",2,5000000
QA-SIM-035,Curioso,14,"16 1 16","0 9 8",2,5000000
QA-SIM-035,Curioso,15,"5 14 17","0 9 8",2,5000000
QA-SIM-035,Curioso,16,"14 5 19","0 9 8",2,5000000
QA-SIM-035,Curioso,17,"15 9 13","0 9 8",2,5000000
QA-SIM-035,Curioso,18,"4 4 0","0 9 8",2,5000000
QA-SIM-035,Curioso,19,"19 3 16","0 9 8",2,5000000
QA-SIM-035,Curioso,20,"4 15 1","0 9 8",2,5000000
QA-SIM-035,Curioso,21,"10 6 12","0 9 8",2,5000000
QA-SIM-035,Curioso,22,"18 3 5","0 9 8",2,5000000
QA-SIM-035,Curioso,23,"17 3 14","0 9 8",2,5000000
QA-SIM-035,Curioso,24,"9 17 6","0 9 8",2,5000000
QA-SIM-035,Curioso,25,"14 12 5","0 9 8",2,5000000
QA-SIM-035,Curioso,26,"14 0 13","0 9 8",2,5000000
QA-SIM-035,Curioso,27,"10 8 1","0 9 8",2,5000000
QA-SIM-035,Curioso,28,"2 14 10","0 9 8",2,5000000
QA-SIM-035,Curioso,29,"10 16 2","0 9 8",2,5000000
QA-SIM-035,Curioso,30,"18 6 3","0 9 8",2,5000000
QA-SIM-035,Curioso,31,"7 16 14","0 9 8",2,5000000
QA-SIM-035,Curioso,32,"18 14 9","0 9 8",2,5000000
QA-SIM-035,Curioso,33,"19 0 6","0 9 8",2,5000000
QA-SIM-035,Curioso,34,"5 9 15","0 9 8",2,5000000
QA-SIM-035,Curioso,35,"17 7 17","0 9 8",2,5000000
QA-SIM-036,Casual,0,"18 4 0","18 4 0",3,60
QA-SIM-036,Casual,1,"9 12 5","9 12 5",3,200
QA-SIM-036,Casual,2,"5 11 11","5 11 4",2,0
QA-SIM-036,Casual,3,"18 17 2","5 11 4",2,0
QA-SIM-036,Casual,4,"10 12 0","5 11 4",2,0
QA-SIM-036,Casual,5,"1 13 15","5 11 4",2,0
QA-SIM-036,Casual,6,"5 5 0","5 11 4",2,0
QA-SIM-036,Casual,7,"11 6 1","5 11 4",2,0
QA-SIM-036,Casual,8,"4 1 17","5 11 4",2,0
QA-SIM-036,Casual,9,"1 16 10","5 11 4",2,0
QA-SIM-036,Casual,10,"14 5 6","5 11 4",2,0
QA-SIM-036,Casual,11,"13 2 12","5 11 4",2,0
QA-SIM-036,Casual,12,"2 12 12","5 11 4",2,0
QA-SIM-036,Casual,13,"2 19 3","5 11 4",2,0
QA-SIM-036,Casual,14,"12 8 6","5 11 4",2,0
QA-SIM-036,Casual,15,"7 10 12","5 11 4",2,0
QA-SIM-036,Casual,16,"17 3 8","5 11 4",2,0
QA-SIM-036,Casual,17,"13 18 17","5 11 4",2,0
QA-SIM-036,Casual,18,"15 18 9","5 11 4",2,0
QA-SIM-036,Casual,19,"0 13 13","5 11 4",2,0
QA-SIM-036,Casual,20,"9 4 1","5 11 4",2,0
QA-SIM-036,Casual,21,"15 1 11","5 11 4",2,0
QA-SIM-036,Casual,22,"0 1 11","5 11 4",2,0
QA-SIM-036,Casual,23,"16 18 2","5 11 4",2,0
QA-SIM-036,Casual,24,"19 8 12","5 11 4",2,0
QA-SIM-036,Casual,25,"6 0 17","5 11 4",2,0
QA-SIM-036,Casual,26,"1 10 6","5 11 4",2,0
QA-SIM-036,Casual,27,"0 10 6","5 11 4",2,0
QA-SIM-036,Casual,28,"2 18 17","5 11 4",2,0
QA-SIM-036,Casual,29,"18 12 13","5 11 4",2,0
QA-SIM-036,Casual,30,"9 18 5","5 11 4",2,0
QA-SIM-036,Casual,31,"6 15 10","5 11 4",2,0
QA-SIM-036,Casual,32,"3 13 14","5 11 4",2,0
QA-SIM-036,Casual,33,"11 10 11","5 11 4",2,0
QA-SIM-036,Casual,34,"6 11 3","5 11 4",2,0
QA-SIM-036,Casual,35,"5 4 1","5 11 4",2,0
QA-SIM-037,Regular,0,"7 16 19","7 16 19",3,200
QA-SIM-037,Regular,1,"10 16 18","14 16 18",2,100000
QA-SIM-037,Regular,2,"9 5 9","14 16 18",2,100000
QA-SIM-037,Regular,3,"8 7 16","14 16 18",2,100000
QA-SIM-037,Regular,4,"1 17 16","14 16 18",2,100000
QA-SIM-037,Regular,5,"9 9 19","14 16 18",2,100000
QA-SIM-037,Regular,6,"4 17 4","14 16 18",2,100000
QA-SIM-037,Regular,7,"2 4 19","14 16 18",2,100000
QA-SIM-037,Regular,8,"8 13 18","14 16 18",2,100000
QA-SIM-037,Regular,9,"9 6 3","14 16 18",2,100000
QA-SIM-037,Regular,10,"19 19 5","14 16 18",2,100000
QA-SIM-037,Regular,11,"6 7 9","14 16 18",2,100000
QA-SIM-037,Regular,12,"18 10 15","14 16 18",2,100000
QA-SIM-037,Regular,13,"13 8 12","14 16 18",2,100000
QA-SIM-037,Regular,14,"14 8 6","14 16 18",2,100000
QA-SIM-037,Regular,15,"14 17 9","14 16 18",2,100000
QA-SIM-037,Regular,16,"15 12 7","14 16 18",2,100000
QA-SIM-037,Regular,17,"11 9 15","14 16 18",2,100000
QA-SIM-037,Regular,18,"12 15 9","14 16 18",2,100000
QA-SIM-037,Regular,19,"12 4 6","14 16 18",2,100000
QA-SIM-037,Regular,20,"10 17 1","14 16 18",2,100000
QA-SIM-037,Regular,21,"0 3 8","14 16 18",2,100000
QA-SIM-037,Regular,22,"2 16 7","14 16 18",2,100000
QA-SIM-037,Regular,23,"13 8 3","14 16 18",2,100000
QA-SIM-037,Regular,24,"17 16 0","14 16 18",2,100000
QA-SIM-037,Regular,25,"3 5 1","14 16 18",2,100000
QA-SIM-037,Regular,26,"19 4 2","14 16 18",2,100000
QA-SIM-037,Regular,27,"6 6 18","14 16 18",2,100000
QA-SIM-037,Regular,28,"19 8 2","14 16 18",2,100000
QA-SIM-037,Regular,29,"14 6 1","14 16 18",2,100000
QA-SIM-037,Regular,30,"14 14 6","14 16 18",2,100000
QA-SIM-037,Regular,31,"12 10 8","14 16 18",2,100000
QA-SIM-037,Regular,32,"6 12 18","14 16 18",2,100000
QA-SIM-037,Regular,33,"11 1 2","14 16 18",2,100000
QA-SIM-037,Regular,34,"8 0 11","14 16 18",2,100000
QA-SIM-037,Regular,35,"10 16 19","14 16 18",2,100000
QA-SIM-038,Whale,0,"8 9 3","8 9 3",3,200
QA-SIM-038,Whale,1,"19 13 4","19 13 5",2,10000000
QA-SIM-038,Whale,2,"19 3 3","19 13 5",2,10000000
QA-SIM-038,Whale,3,"11 0 18","19 13 5",2,10000000
QA-SIM-038,Whale,4,"2 16 13","19 13 5",2,10000000
QA-SIM-038,Whale,5,"6 8 17","19 13 5",2,10000000
QA-SIM-038,Whale,6,"7 0 19","19 13 5",2,10000000
QA-SIM-038,Whale,7,"13 2 12","19 13 5",2,10000000
QA-SIM-038,Whale,8,"12 0 13","19 13 5",2,10000000
QA-SIM-038,Whale,9,"7 15 17","19 13 5",2,10000000
QA-SIM-038,Whale,10,"13 4 1","19 13 5",2,10000000
QA-SIM-038,Whale,11,"8 3 12","19 13 5",2,10000000
QA-SIM-038,Whale,12,"13 2 15","19 13 5",2,10000000
QA-SIM-038,Whale,13,"19 8 14","19 13 5",2,10000000
QA-SIM-038,Whale,14,"18 15 12","19 13 5",2,10000000
QA-SIM-038,Whale,15,"16 4 2","19 13 5",2,10000000
QA-SIM-038,Whale,16,"17 16 4","19 13 5",2,10000000
QA-SIM-038,Whale,17,"1 17 4","19 13 5",2,10000000
QA-SIM-038,Whale,18,"19 8 7","19 13 5",2,10000000
QA-SIM-038,Whale,19,"13 16 4","19 13 5",2,10000000
QA-SIM-038,Whale,20,"13 3 12","19 13 5",2,10000000
QA-SIM-038,Whale,21,"9 0 11","19 13 5",2,10000000
QA-SIM-038,Whale,22,"1 17 16","19 13 5",2,10000000
QA-SIM-038,Whale,23,"9 9 19","19 13 5",2,10000000
QA-SIM-038,Whale,24,"7 14 5","19 13 5",2,10000000
QA-SIM-038,Whale,25,"17 16 16","19 13 5",2,10000000
QA-SIM-038,Whale,26,"5 4 4","19 13 5",2,10000000
QA-SIM-038,Whale,27,"2 8 4","19 13 5",2,10000000
QA-SIM-038,Whale,28,"16 6 7","19 13 5",2,10000000
QA-SIM-038,Whale,29,"12 7 9","19 13 5",2,10000000
QA-SIM-038,Whale,30,"18 11 6","19 13 5",2,10000000
QA-SIM-038,Whale,31,"6 14 13","19 13 5",2,10000000
QA-SIM-038,Whale,32,"11 10 15","19 13 5",2,10000000
QA-SIM-038,Whale,33,"19 0 9","19 13 5",2,10000000
QA-SIM-038,Whale,34,"14 3 2","19 13 5",2,10000000
QA-SIM-038,Whale,35,"9 11 1","19 13 5",2,10000000
QA-SIM-039,Curioso,0,"10 10 12","10 10 12",3,200
QA-SIM-039,Curioso,1,"3 6 5","1 6 5",2,0
QA-SIM-039,Curioso,2,"14 6 4","1 6 5",2,0
QA-SIM-039,Curioso,3,"3 14 14","1 6 5",2,0
QA-SIM-039,Curioso,4,"17 3 13","1 6 5",2,0
QA-SIM-039,Curioso,5,"12 18 4","1 6 5",2,0
QA-SIM-039,Curioso,6,"17 15 9","1 6 5",2,0
QA-SIM-039,Curioso,7,"16 3 8","1 6 5",2,0
QA-SIM-039,Curioso,8,"14 8 1","1 6 5",2,0
QA-SIM-039,Curioso,9,"13 15 6","1 6 5",2,0
QA-SIM-039,Curioso,10,"17 10 2","1 6 5",2,0
QA-SIM-039,Curioso,11,"8 15 18","1 6 5",2,0
QA-SIM-039,Curioso,12,"12 18 17","1 6 5",2,0
QA-SIM-039,Curioso,13,"17 13 18","1 6 5",2,0
QA-SIM-039,Curioso,14,"10 16 0","1 6 5",2,0
QA-SIM-039,Curioso,15,"4 11 14","1 6 5",2,0
QA-SIM-039,Curioso,16,"3 10 0","1 6 5",2,0
QA-SIM-039,Curioso,17,"7 3 0","1 6 5",2,0
QA-SIM-039,Curioso,18,"12 1 17","1 6 5",2,0
QA-SIM-039,Curioso,19,"6 13 3","1 6 5",2,0
QA-SIM-039,Curioso,20,"18 7 0","1 6 5",2,0
QA-SIM-039,Curioso,21,"19 11 10","1 6 5",2,0
QA-SIM-039,Curioso,22,"8 7 2","1 6 5",2,0
QA-SIM-039,Curioso,23,"13 11 16","1 6 5",2,0
QA-SIM-039,Curioso,24,"11 19 1","1 6 5",2,0
QA-SIM-039,Curioso,25,"2 19 19","1 6 5",2,0
QA-SIM-039,Curioso,26,"13 2 14","1 6 5",2,0
QA-SIM-039,Curioso,27,"9 2 13","1 6 5",2,0
QA-SIM-039,Curioso,28,"0 9 0","1 6 5",2,0
QA-SIM-039,Curioso,29,"14 11 2","1 6 5",2,0
QA-SIM-039,Curioso,30,"6 8 4","1 6 5",2,0
QA-SIM-039,Curioso,31,"13 12 9","1 6 5",2,0
QA-SIM-039,Curioso,32,"19 8 11","1 6 5",2,0
QA-SIM-039,Curioso,33,"1 12 18","1 6 5",2,0
QA-SIM-039,Curioso,34,"15 13 3","1 6 5",2,0
QA-SIM-039,Curioso,35,"12 7 11","1 6 5",2,0
QA-SIM-040,Casual,0,"8 19 8","8 19 8",3,200
QA-SIM-040,Casual,1,"2 16 9","2 16 18",2,10000000
QA-SIM-040,Casual,2,"2 9 17","2 16 18",2,10000000
QA-SIM-040,Casual,3,"13 15 18","2 16 18",2,10000000
QA-SIM-040,Casual,4,"10 18 0","2 16 18",2,10000000
QA-SIM-040,Casual,5,"4 12 17","2 16 18",2,10000000
QA-SIM-040,Casual,6,"1 12 11","2 16 18",2,10000000
QA-SIM-040,Casual,7,"16 6 15","2 16 18",2,10000000
QA-SIM-040,Casual,8,"18 11 5","2 16 18",2,10000000
QA-SIM-040,Casual,9,"12 14 2","2 16 18",2,10000000
QA-SIM-040,Casual,10,"6 12 12","2 16 18",2,10000000
QA-SIM-040,Casual,11,"4 6 8","2 16 18",2,10000000
QA-SIM-040,Casual,12,"13 6 9","2 16 18",2,10000000
QA-SIM-040,Casual,13,"4 6 9","2 16 18",2,10000000
QA-SIM-040,Casual,14,"8 10 1","2 16 18",2,10000000
QA-SIM-040,Casual,15,"18 18 5","2 16 18",2,10000000
QA-SIM-040,Casual,16,"7 2 2","2 16 18",2,10000000
QA-SIM-040,Casual,17,"9 2 5","2 16 18",2,10000000
QA-SIM-040,Casual,18,"3 19 19","2 16 18",2,10000000
QA-SIM-040,Casual,19,"2 13 6","2 16 18",2,10000000
QA-SIM-040,Casual,20,"18 4 7","2 16 18",2,10000000
QA-SIM-040,Casual,21,"2 10 13","2 16 18",2,10000000
QA-SIM-040,Casual,22,"6 8 14","2 16 18",2,10000000
QA-SIM-040,Casual,23,"4 13 4","2 16 18",2,10000000
QA-SIM-040,Casual,24,"3 7 1","2 16 18",2,10000000
QA-SIM-040,Casual,25,"16 4 7","2 16 18",2,10000000
QA-SIM-040,Casual,26,"11 15 13","2 16 18",2,10000000
QA-SIM-040,Casual,27,"0 5 19","2 16 18",2,10000000
QA-SIM-040,Casual,28,"18 10 16","2 16 18",2,10000000
QA-SIM-040,Casual,29,"13 11 12","2 16 18",2,10000000
QA-SIM-040,Casual,30,"2 8 9","2 16 18",2,10000000
QA-SIM-040,Casual,31,"4 15 10","2 16 18",2,10000000
QA-SIM-040,Casual,32,"0 15 5","2 16 18",2,10000000
QA-SIM-040,Casual,33,"4 1 9","2 16 18",2,10000000
QA-SIM-040,Casual,34,"16 4 17","2 16 18",2,10000000
QA-SIM-040,Casual,35,"19 18 18","2 16 18",2,10000000
QA-SIM-041,Regular,0,"18 10 18","18 10 18",3,60
QA-SIM-041,Regular,1,"19 7 9","19 7 18",2,200
QA-SIM-041,Regular,2,"0 6 6","19 7 18",2,200
QA-SIM-041,Regular,3,"8 15 5","19 7 18",2,200
QA-SIM-041,Regular,4,"16 2 8","19 7 18",2,200
QA-SIM-041,Regular,5,"5 15 15","19 7 18",2,200
QA-SIM-041,Regular,6,"16 4 8","19 7 18",2,200
QA-SIM-041,Regular,7,"18 19 6","19 7 18",2,200
QA-SIM-041,Regular,8,"3 13 8","19 7 18",2,200
QA-SIM-041,Regular,9,"5 8 18","19 7 18",2,200
QA-SIM-041,Regular,10,"4 15 3","19 7 18",2,200
QA-SIM-041,Regular,11,"13 8 9","19 7 18",2,200
QA-SIM-041,Regular,12,"5 7 9","19 7 18",2,200
QA-SIM-041,Regular,13,"10 2 10","19 7 18",2,200
QA-SIM-041,Regular,14,"4 9 16","19 7 18",2,200
QA-SIM-041,Regular,15,"18 1 13","19 7 18",2,200
QA-SIM-041,Regular,16,"12 14 3","19 7 18",2,200
QA-SIM-041,Regular,17,"16 8 2","19 7 18",2,200
QA-SIM-041,Regular,18,"3 6 8","19 7 18",2,200
QA-SIM-041,Regular,19,"17 16 12","19 7 18",2,200
QA-SIM-041,Regular,20,"0 15 6","19 7 18",2,200
QA-SIM-041,Regular,21,"2 7 13","19 7 18",2,200
QA-SIM-041,Regular,22,"14 17 2","19 7 18",2,200
QA-SIM-041,Regular,23,"16 0 8","19 7 18",2,200
QA-SIM-041,Regular,24,"17 0 15","19 7 18",2,200
QA-SIM-041,Regular,25,"10 16 0","19 7 18",2,200
QA-SIM-041,Regular,26,"1 17 6","19 7 18",2,200
QA-SIM-041,Regular,27,"9 2 0","19 7 18",2,200
QA-SIM-041,Regular,28,"3 18 1","19 7 18",2,200
QA-SIM-041,Regular,29,"19 17 19","19 7 18",2,200
QA-SIM-041,Regular,30,"10 2 4","19 7 18",2,200
QA-SIM-041,Regular,31,"4 8 1","19 7 18",2,200
QA-SIM-041,Regular,32,"10 0 12","19 7 18",2,200
QA-SIM-041,Regular,33,"1 12 6","19 7 18",2,200
QA-SIM-041,Regular,34,"12 5 4","19 7 18",2,200
QA-SIM-041,Regular,35,"1 15 14","19 7 18",2,200
QA-SIM-042,Whale,0,"4 19 14","4 19 14",3,500
QA-SIM-042,Whale,1,"7 13 19","12 13 19",2,0
QA-SIM-042,Whale,2,"14 19 6","12 13 19",2,0
QA-SIM-042,Whale,3,"14 14 14","12 13 19",2,0
QA-SIM-042,Whale,4,"9 16 8","12 13 19",2,0
QA-SIM-042,Whale,5,"13 6 10","12 13 19",2,0
QA-SIM-042,Whale,6,"2 4 11","12 13 19",2,0
QA-SIM-042,Whale,7,"1 10 16","12 13 19",2,0
QA-SIM-042,Whale,8,"5 8 18","12 13 19",2,0
QA-SIM-042,Whale,9,"16 10 14","12 13 19",2,0
QA-SIM-042,Whale,10,"2 6 1","12 13 19",2,0
QA-SIM-042,Whale,11,"7 15 1","12 13 19",2,0
QA-SIM-042,Whale,12,"12 0 7","12 13 19",2,0
QA-SIM-042,Whale,13,"4 6 7","12 13 19",2,0
QA-SIM-042,Whale,14,"3 15 5","12 13 19",2,0
QA-SIM-042,Whale,15,"12 12 19","12 13 19",2,0
QA-SIM-042,Whale,16,"16 17 5","12 13 19",2,0
QA-SIM-042,Whale,17,"3 14 10","12 13 19",2,0
QA-SIM-042,Whale,18,"17 0 16","12 13 19",2,0
QA-SIM-042,Whale,19,"18 13 10","12 13 19",2,0
QA-SIM-042,Whale,20,"10 1 13","12 13 19",2,0
QA-SIM-042,Whale,21,"13 6 3","12 13 19",2,0
QA-SIM-042,Whale,22,"12 4 10","12 13 19",2,0
QA-SIM-042,Whale,23,"19 8 10","12 13 19",2,0
QA-SIM-042,Whale,24,"17 3 17","12 13 19",2,0
QA-SIM-042,Whale,25,"13 7 12","12 13 19",2,0
QA-SIM-042,Whale,26,"2 4 13","12 13 19",2,0
QA-SIM-042,Whale,27,"3 1 14","12 13 19",2,0
QA-SIM-042,Whale,28,"9 0 0","12 13 19",2,0
QA-SIM-042,Whale,29,"1 11 14","12 13 19",2,0
QA-SIM-042,Whale,30,"5 7 1","12 13 19",2,0
QA-SIM-042,Whale,31,"15 19 9","12 13 19",2,0
QA-SIM-042,Whale,32,"17 3 11","12 13 19",2,0
QA-SIM-042,Whale,33,"2 5 16","12 13 19",2,0
QA-SIM-042,Whale,34,"4 2 2","12 13 19",2,0
QA-SIM-042,Whale,35,"1 16 11","12 13 19",2,0
QA-SIM-043,Curioso,0,"8 2 10","8 2 10",3,200
QA-SIM-043,Curioso,1,"11 1 3","11 16 3",2,1000000
QA-SIM-043,Curioso,2,"4 8 11","11 16 3",2,1000000
QA-SIM-043,Curioso,3,"6 15 12","11 16 3",2,1000000
QA-SIM-043,Curioso,4,"16 15 0","11 16 3",2,1000000
QA-SIM-043,Curioso,5,"4 19 18","11 16 3",2,1000000
QA-SIM-043,Curioso,6,"9 10 15","11 16 3",2,1000000
QA-SIM-043,Curioso,7,"8 3 16","11 16 3",2,1000000
QA-SIM-043,Curioso,8,"18 14 6","11 16 3",2,1000000
QA-SIM-043,Curioso,9,"1 15 14","11 16 3",2,1000000
QA-SIM-043,Curioso,10,"1 3 0","11 16 3",2,1000000
QA-SIM-043,Curioso,11,"2 12 10","11 16 3",2,1000000
QA-SIM-043,Curioso,12,"9 4 17","11 16 3",2,1000000
QA-SIM-043,Curioso,13,"0 19 9","11 16 3",2,1000000
QA-SIM-043,Curioso,14,"5 13 2","11 16 3",2,1000000
QA-SIM-043,Curioso,15,"5 7 14","11 16 3",2,1000000
QA-SIM-043,Curioso,16,"5 7 17","11 16 3",2,1000000
QA-SIM-043,Curioso,17,"7 13 13","11 16 3",2,1000000
QA-SIM-043,Curioso,18,"14 19 2","11 16 3",2,1000000
QA-SIM-043,Curioso,19,"7 14 1","11 16 3",2,1000000
QA-SIM-043,Curioso,20,"7 1 13","11 16 3",2,1000000
QA-SIM-043,Curioso,21,"4 14 15","11 16 3",2,1000000
QA-SIM-043,Curioso,22,"2 1 16","11 16 3",2,1000000
QA-SIM-043,Curioso,23,"15 8 12","11 16 3",2,1000000
QA-SIM-043,Curioso,24,"13 12 11","11 16 3",2,1000000
QA-SIM-043,Curioso,25,"3 18 10","11 16 3",2,1000000
QA-SIM-043,Curioso,26,"12 18 6","11 16 3",2,1000000
QA-SIM-043,Curioso,27,"4 13 7","11 16 3",2,1000000
QA-SIM-043,Curioso,28,"9 15 9","11 16 3",2,1000000
QA-SIM-043,Curioso,29,"15 8 13","11 16 3",2,1000000
QA-SIM-043,Curioso,30,"7 19 11","11 16 3",2,1000000
QA-SIM-043,Curioso,31,"4 10 12","11 16 3",2,1000000
QA-SIM-043,Curioso,32,"14 0 12","11 16 3",2,1000000
QA-SIM-043,Curioso,33,"1 0 14","11 16 3",2,1000000
QA-SIM-043,Curioso,34,"8 8 14","11 16 3",2,1000000
QA-SIM-043,Curioso,35,"12 16 6","11 16 3",2,1000000
QA-SIM-044,Casual,0,"9 0 1","9 0 1",3,60
QA-SIM-044,Casual,1,"15 3 8","12 3 8",2,0
QA-SIM-044,Casual,2,"6 13 10","12 3 8",2,0
QA-SIM-044,Casual,3,"11 3 15","12 3 8",2,0
QA-SIM-044,Casual,4,"8 17 19","12 3 8",2,0
QA-SIM-044,Casual,5,"19 6 7","12 3 8",2,0
QA-SIM-044,Casual,6,"12 11 5","12 3 8",2,0
QA-SIM-044,Casual,7,"4 1 2","12 3 8",2,0
QA-SIM-044,Casual,8,"2 4 5","12 3 8",2,0
QA-SIM-044,Casual,9,"3 7 16","12 3 8",2,0
QA-SIM-044,Casual,10,"3 7 12","12 3 8",2,0
QA-SIM-044,Casual,11,"18 18 1","12 3 8",2,0
QA-SIM-044,Casual,12,"15 4 0","12 3 8",2,0
QA-SIM-044,Casual,13,"19 18 15","12 3 8",2,0
QA-SIM-044,Casual,14,"4 12 18","12 3 8",2,0
QA-SIM-044,Casual,15,"1 17 4","12 3 8",2,0
QA-SIM-044,Casual,16,"17 15 7","12 3 8",2,0
QA-SIM-044,Casual,17,"14 9 1","12 3 8",2,0
QA-SIM-044,Casual,18,"11 0 4","12 3 8",2,0
QA-SIM-044,Casual,19,"12 15 7","12 3 8",2,0
QA-SIM-044,Casual,20,"2 17 17","12 3 8",2,0
QA-SIM-044,Casual,21,"4 5 4","12 3 8",2,0
QA-SIM-044,Casual,22,"19 13 12","12 3 8",2,0
QA-SIM-044,Casual,23,"7 14 11","12 3 8",2,0
QA-SIM-044,Casual,24,"16 15 7","12 3 8",2,0
QA-SIM-044,Casual,25,"11 13 2","12 3 8",2,0
QA-SIM-044,Casual,26,"11 3 1","12 3 8",2,0
QA-SIM-044,Casual,27,"17 11 18","12 3 8",2,0
QA-SIM-044,Casual,28,"18 15 4","12 3 8",2,0
QA-SIM-044,Casual,29,"15 15 13","12 3 8",2,0
QA-SIM-044,Casual,30,"5 16 10","12 3 8",2,0
QA-SIM-044,Casual,31,"3 16 16","12 3 8",2,0
QA-SIM-044,Casual,32,"14 19 4","12 3 8",2,0
QA-SIM-044,Casual,33,"11 13 9","12 3 8",2,0
QA-SIM-044,Casual,34,"14 14 6","12 3 8",2,0
QA-SIM-044,Casual,35,"10 10 18","12 3 8",2,0
QA-SIM-045,Regular,0,"11 17 10","11 17 10",3,200
QA-SIM-045,Regular,1,"4 11 13","1 11 13",2,200
QA-SIM-045,Regular,2,"12 9 5","1 11 13",2,200
QA-SIM-045,Regular,3,"15 4 6","1 11 13",2,200
QA-SIM-045,Regular,4,"16 4 8","1 11 13",2,200
QA-SIM-045,Regular,5,"12 7 4","1 11 13",2,200
QA-SIM-045,Regular,6,"14 4 15","1 11 13",2,200
QA-SIM-045,Regular,7,"10 1 19","1 11 13",2,200
QA-SIM-045,Regular,8,"17 9 8","1 11 13",2,200
QA-SIM-045,Regular,9,"6 19 4","1 11 13",2,200
QA-SIM-045,Regular,10,"16 15 15","1 11 13",2,200
QA-SIM-045,Regular,11,"9 14 9","1 11 13",2,200
QA-SIM-045,Regular,12,"12 18 9","1 11 13",2,200
QA-SIM-045,Regular,13,"16 12 8","1 11 13",2,200
QA-SIM-045,Regular,14,"0 17 19","1 11 13",2,200
QA-SIM-045,Regular,15,"0 12 18","1 11 13",2,200
QA-SIM-045,Regular,16,"16 3 13","1 11 13",2,200
QA-SIM-045,Regular,17,"1 8 12","1 11 13",2,200
QA-SIM-045,Regular,18,"4 9 13","1 11 13",2,200
QA-SIM-045,Regular,19,"9 14 1","1 11 13",2,200
QA-SIM-045,Regular,20,"9 7 0","1 11 13",2,200
QA-SIM-045,Regular,21,"19 7 13","1 11 13",2,200
QA-SIM-045,Regular,22,"18 8 19","1 11 13",2,200
QA-SIM-045,Regular,23,"17 9 1","1 11 13",2,200
QA-SIM-045,Regular,24,"19 6 18","1 11 13",2,200
QA-SIM-045,Regular,25,"6 6 9","1 11 13",2,200
QA-SIM-045,Regular,26,"14 15 17","1 11 13",2,200
QA-SIM-045,Regular,27,"13 17 13","1 11 13",2,200
QA-SIM-045,Regular,28,"16 15 0","1 11 13",2,200
QA-SIM-045,Regular,29,"2 6 6","1 11 13",2,200
QA-SIM-045,Regular,30,"17 4 19","1 11 13",2,200
QA-SIM-045,Regular,31,"11 19 4","1 11 13",2,200
QA-SIM-045,Regular,32,"0 16 7","1 11 13",2,200
QA-SIM-045,Regular,33,"9 9 0","1 11 13",2,200
QA-SIM-045,Regular,34,"19 16 1","1 11 13",2,200
QA-SIM-045,Regular,35,"5 6 9","1 11 13",2,200
QA-SIM-046,Whale,0,"15 14 7","15 14 7",3,200
QA-SIM-046,Whale,1,"0 4 1","0 4 5",2,1000
QA-SIM-046,Whale,2,"17 0 8","0 4 5",2,1000
QA-SIM-046,Whale,3,"12 7 13","0 4 5",2,1000
QA-SIM-046,Whale,4,"10 4 17","0 4 5",2,1000
QA-SIM-046,Whale,5,"9 5 8","0 4 5",2,1000
QA-SIM-046,Whale,6,"13 2 12","0 4 5",2,1000
QA-SIM-046,Whale,7,"12 16 2","0 4 5",2,1000
QA-SIM-046,Whale,8,"15 19 12","0 4 5",2,1000
QA-SIM-046,Whale,9,"0 16 18","0 4 5",2,1000
QA-SIM-046,Whale,10,"12 3 10","0 4 5",2,1000
QA-SIM-046,Whale,11,"13 18 10","0 4 5",2,1000
QA-SIM-046,Whale,12,"12 4 16","0 4 5",2,1000
QA-SIM-046,Whale,13,"7 4 19","0 4 5",2,1000
QA-SIM-046,Whale,14,"6 14 2","0 4 5",2,1000
QA-SIM-046,Whale,15,"2 4 9","0 4 5",2,1000
QA-SIM-046,Whale,16,"3 4 1","0 4 5",2,1000
QA-SIM-046,Whale,17,"6 2 9","0 4 5",2,1000
QA-SIM-046,Whale,18,"7 13 14","0 4 5",2,1000
QA-SIM-046,Whale,19,"18 18 3","0 4 5",2,1000
QA-SIM-046,Whale,20,"5 7 3","0 4 5",2,1000
QA-SIM-046,Whale,21,"19 3 14","0 4 5",2,1000
QA-SIM-046,Whale,22,"13 11 11","0 4 5",2,1000
QA-SIM-046,Whale,23,"14 5 17","0 4 5",2,1000
QA-SIM-046,Whale,24,"19 19 12","0 4 5",2,1000
QA-SIM-046,Whale,25,"5 4 2","0 4 5",2,1000
QA-SIM-046,Whale,26,"13 2 5","0 4 5",2,1000
QA-SIM-046,Whale,27,"9 14 5","0 4 5",2,1000
QA-SIM-046,Whale,28,"4 4 19","0 4 5",2,1000
QA-SIM-046,Whale,29,"1 16 12","0 4 5",2,1000
QA-SIM-046,Whale,30,"6 2 14","0 4 5",2,1000
QA-SIM-046,Whale,31,"5 13 6","0 4 5",2,1000
QA-SIM-046,Whale,32,"1 4 11","0 4 5",2,1000
QA-SIM-046,Whale,33,"8 11 13","0 4 5",2,1000
QA-SIM-046,Whale,34,"15 3 19","0 4 5",2,1000
QA-SIM-046,Whale,35,"5 16 16","0 4 5",2,1000
QA-SIM-047,Curioso,0,"2 10 4","2 10 4",3,60
QA-SIM-047,Curioso,1,"19 19 6","9 19 6",2,0
QA-SIM-047,Curioso,2,"5 15 18","9 19 6",2,0
QA-SIM-047,Curioso,3,"1 18 7","9 19 6",2,0
QA-SIM-047,Curioso,4,"17 15 17","9 19 6",2,0
QA-SIM-047,Curioso,5,"0 3 18","9 19 6",2,0
QA-SIM-047,Curioso,6,"10 3 10","9 19 6",2,0
QA-SIM-047,Curioso,7,"16 6 0","9 19 6",2,0
QA-SIM-047,Curioso,8,"5 10 5","9 19 6",2,0
QA-SIM-047,Curioso,9,"18 1 17","9 19 6",2,0
QA-SIM-047,Curioso,10,"1 18 13","9 19 6",2,0
QA-SIM-047,Curioso,11,"12 0 17","9 19 6",2,0
QA-SIM-047,Curioso,12,"16 12 18","9 19 6",2,0
QA-SIM-047,Curioso,13,"5 11 0","9 19 6",2,0
QA-SIM-047,Curioso,14,"1 3 3","9 19 6",2,0
QA-SIM-047,Curioso,15,"4 9 9","9 19 6",2,0
QA-SIM-047,Curioso,16,"13 14 0","9 19 6",2,0
QA-SIM-047,Curioso,17,"11 16 3","9 19 6",2,0
QA-SIM-047,Curioso,18,"19 4 13","9 19 6",2,0
QA-SIM-047,Curioso,19,"8 9 12","9 19 6",2,0
QA-SIM-047,Curioso,20,"16 11 17","9 19 6",2,0
QA-SIM-047,Curioso,21,"17 14 15","9 19 6",2,0
QA-SIM-047,Curioso,22,"17 14 16","9 19 6",2,0
QA-SIM-047,Curioso,23,"19 8 6","9 19 6",2,0
QA-SIM-047,Curioso,24,"16 4 11","9 19 6",2,0
QA-SIM-047,Curioso,25,"15 19 8","9 19 6",2,0
QA-SIM-047,Curioso,26,"16 12 12","9 19 6",2,0
QA-SIM-047,Curioso,27,"18 11 4","9 19 6",2,0
QA-SIM-047,Curioso,28,"0 0 10","9 19 6",2,0
QA-SIM-047,Curioso,29,"6 3 6","9 19 6",2,0
QA-SIM-047,Curioso,30,"4 9 12","9 19 6",2,0
QA-SIM-047,Curioso,31,"11 15 17","9 19 6",2,0
QA-SIM-047,Curioso,32,"8 12 7","9 19 6",2,0
QA-SIM-047,Curioso,33,"3 5 6","9 19 6",2,0
QA-SIM-047,Curioso,34,"5 7 6","9 19 6",2,0
QA-SIM-047,Curioso,35,"9 13 9","9 19 6",2,0
QA-SIM-048,Casual,0,"5 6 18","5 6 18",3,500
QA-SIM-048,Casual,1,"6 0 8","10 0 8",2,5000000
QA-SIM-048,Casual,2,"0 3 17","10 0 8",2,5000000
QA-SIM-048,Casual,3,"12 16 18","10 0 8",2,5000000
QA-SIM-048,Casual,4,"12 3 0","10 0 8",2,5000000
QA-SIM-048,Casual,5,"1 7 6","10 0 8",2,5000000
QA-SIM-048,Casual,6,"16 15 14","10 0 8",2,5000000
QA-SIM-048,Casual,7,"2 0 4","10 0 8",2,5000000
QA-SIM-048,Casual,8,"14 16 19","10 0 8",2,5000000
QA-SIM-048,Casual,9,"1 11 14","10 0 8",2,5000000
QA-SIM-048,Casual,10,"19 10 10","10 0 8",2,5000000
QA-SIM-048,Casual,11,"12 9 12","10 0 8",2,5000000
QA-SIM-048,Casual,12,"6 17 5","10 0 8",2,5000000
QA-SIM-048,Casual,13,"3 4 8","10 0 8",2,5000000
QA-SIM-048,Casual,14,"4 9 0","10 0 8",2,5000000
QA-SIM-048,Casual,15,"11 13 5","10 0 8",2,5000000
QA-SIM-048,Casual,16,"6 1 5","10 0 8",2,5000000
QA-SIM-048,Casual,17,"11 6 16","10 0 8",2,5000000
QA-SIM-048,Casual,18,"2 13 14","10 0 8",2,5000000
QA-SIM-048,Casual,19,"3 8 1","10 0 8",2,5000000
QA-SIM-048,Casual,20,"1 7 6","10 0 8",2,5000000
QA-SIM-048,Casual,21,"10 5 15","10 0 8",2,5000000
QA-SIM-048,Casual,22,"11 8 13","10 0 8",2,5000000
QA-SIM-048,Casual,23,"10 3 7","10 0 8",2,5000000
QA-SIM-048,Casual,24,"3 1 0","10 0 8",2,5000000
QA-SIM-048,Casual,25,"13 11 7","10 0 8",2,5000000
QA-SIM-048,Casual,26,"19 15 1","10 0 8",2,5000000
QA-SIM-048,Casual,27,"2 12 15","10 0 8",2,5000000
QA-SIM-048,Casual,28,"14 19 1","10 0 8",2,5000000
QA-SIM-048,Casual,29,"0 7 14","10 0 8",2,5000000
QA-SIM-048,Casual,30,"3 4 16","10 0 8",2,5000000
QA-SIM-048,Casual,31,"19 7 8","10 0 8",2,5000000
QA-SIM-048,Casual,32,"6 11 2","10 0 8",2,5000000
QA-SIM-048,Casual,33,"18 9 13","10 0 8",2,5000000
QA-SIM-048,Casual,34,"12 9 10","10 0 8",2,5000000
QA-SIM-048,Casual,35,"16 9 13","10 0 8",2,5000000
QA-SIM-049,Regular,0,"8 5 9","8 5 9",3,200
QA-SIM-049,Regular,1,"10 9 6","10 9 4",2,100000
QA-SIM-049,Regular,2,"10 15 19","10 9 4",2,100000
QA-SIM-049,Regular,3,"3 1 13","10 9 4",2,100000
QA-SIM-049,Regular,4,"1 13 14","10 9 4",2,100000
QA-SIM-049,Regular,5,"5 19 2","10 9 4",2,100000
QA-SIM-049,Regular,6,"6 4 15","10 9 4",2,100000
QA-SIM-049,Regular,7,"15 12 6","10 9 4",2,100000
QA-SIM-049,Regular,8,"4 9 13","10 9 4",2,100000
QA-SIM-049,Regular,9,"1 4 16","10 9 4",2,100000
QA-SIM-049,Regular,10,"13 9 3","10 9 4",2,100000
QA-SIM-049,Regular,11,"13 16 8","10 9 4",2,100000
QA-SIM-049,Regular,12,"10 8 2","10 9 4",2,100000
QA-SIM-049,Regular,13,"13 12 6","10 9 4",2,100000
QA-SIM-049,Regular,14,"1 2 2","10 9 4",2,100000
QA-SIM-049,Regular,15,"15 16 13","10 9 4",2,100000
QA-SIM-049,Regular,16,"3 8 7","10 9 4",2,100000
QA-SIM-049,Regular,17,"6 8 13","10 9 4",2,100000
QA-SIM-049,Regular,18,"19 2 6","10 9 4",2,100000
QA-SIM-049,Regular,19,"18 14 9","10 9 4",2,100000
QA-SIM-049,Regular,20,"11 13 14","10 9 4",2,100000
QA-SIM-049,Regular,21,"17 5 0","10 9 4",2,100000
QA-SIM-049,Regular,22,"5 19 8","10 9 4",2,100000
QA-SIM-049,Regular,23,"8 11 18","10 9 4",2,100000
QA-SIM-049,Regular,24,"19 1 12","10 9 4",2,100000
QA-SIM-049,Regular,25,"19 19 9","10 9 4",2,100000
QA-SIM-049,Regular,26,"3 13 2","10 9 4",2,100000
QA-SIM-049,Regular,27,"17 19 13","10 9 4",2,100000
QA-SIM-049,Regular,28,"17 14 6","10 9 4",2,100000
QA-SIM-049,Regular,29,"6 5 5","10 9 4",2,100000
QA-SIM-049,Regular,30,"11 19 11","10 9 4",2,100000
QA-SIM-049,Regular,31,"0 5 13","10 9 4",2,100000
QA-SIM-049,Regular,32,"1 2 5","10 9 4",2,100000
QA-SIM-049,Regular,33,"14 10 10","10 9 4",2,100000
QA-SIM-049,Regular,34,"14 4 13","10 9 4",2,100000
QA-SIM-049,Regular,35,"15 13 0","10 9 4",2,100000
QA-SIM-050,Whale,0,"0 13 19","0 13 19",3,60
QA-SIM-050,Whale,1,"9 15 4","9 15 13",2,5000000
QA-SIM-050,Whale,2,"15 4 16","9 15 13",2,5000000
QA-SIM-050,Whale,3,"10 3 3","9 15 13",2,5000000
QA-SIM-050,Whale,4,"11 11 2","9 15 13",2,5000000
QA-SIM-050,Whale,5,"18 2 16","9 15 13",2,5000000
QA-SIM-050,Whale,6,"4 1 1","9 15 13",2,5000000
QA-SIM-050,Whale,7,"1 16 7","9 15 13",2,5000000
QA-SIM-050,Whale,8,"13 12 0","9 15 13",2,5000000
QA-SIM-050,Whale,9,"15 0 19","9 15 13",2,5000000
QA-SIM-050,Whale,10,"17 9 4","9 15 13",2,5000000
QA-SIM-050,Whale,11,"10 0 0","9 15 13",2,5000000
QA-SIM-050,Whale,12,"13 8 3","9 15 13",2,5000000
QA-SIM-050,Whale,13,"14 8 7","9 15 13",2,5000000
QA-SIM-050,Whale,14,"12 18 5","9 15 13",2,5000000
QA-SIM-050,Whale,15,"9 7 15","9 15 13",2,5000000
QA-SIM-050,Whale,16,"15 18 7","9 15 13",2,5000000
QA-SIM-050,Whale,17,"3 11 9","9 15 13",2,5000000
QA-SIM-050,Whale,18,"17 4 4","9 15 13",2,5000000
QA-SIM-050,Whale,19,"3 14 12","9 15 13",2,5000000
QA-SIM-050,Whale,20,"6 7 14","9 15 13",2,5000000
QA-SIM-050,Whale,21,"16 14 18","9 15 13",2,5000000
QA-SIM-050,Whale,22,"17 15 18","9 15 13",2,5000000
QA-SIM-050,Whale,23,"13 18 2","9 15 13",2,5000000
QA-SIM-050,Whale,24,"6 3 4","9 15 13",2,5000000
QA-SIM-050,Whale,25,"3 0 5","9 15 13",2,5000000
QA-SIM-050,Whale,26,"12 4 10","9 15 13",2,5000000
QA-SIM-050,Whale,27,"19 1 16","9 15 13",2,5000000
QA-SIM-050,Whale,28,"9 5 5","9 15 13",2,5000000
QA-SIM-050,Whale,29,"7 13 7","9 15 13",2,5000000
QA-SIM-050,Whale,30,"4 12 16","9 15 13",2,5000000
QA-SIM-050,Whale,31,"1 19 5","9 15 13",2,5000000
QA-SIM-050,Whale,32,"12 18 8","9 15 13",2,5000000
QA-SIM-050,Whale,33,"11 4 18","9 15 13",2,5000000
QA-SIM-050,Whale,34,"11 10 19","9 15 13",2,5000000
QA-SIM-050,Whale,35,"11 2 11","9 15 13",2,5000000
QA-SIM-051,Curioso,0,"12 8 19","12 8 19",3,200
QA-SIM-051,Curioso,1,"5 8 3","5 17 3",2,0
QA-SIM-051,Curioso,2,"4 7 7","5 17 3",2,0
QA-SIM-051,Curioso,3,"10 1 2","5 17 3",2,0
QA-SIM-051,Curioso,4,"2 4 13","5 17 3",2,0
QA-SIM-051,Curioso,5,"18 1 14","5 17 3",2,0
QA-SIM-051,Curioso,6,"10 18 7","5 17 3",2,0
QA-SIM-051,Curioso,7,"0 3 4","5 17 3",2,0
QA-SIM-051,Curioso,8,"5 10 15","5 17 3",2,0
QA-SIM-051,Curioso,9,"13 7 4","5 17 3",2,0
QA-SIM-051,Curioso,10,"3 2 17","5 17 3",2,0
QA-SIM-051,Curioso,11,"19 14 1","5 17 3",2,0
QA-SIM-051,Curioso,12,"4 16 16","5 17 3",2,0
QA-SIM-051,Curioso,13,"5 12 8","5 17 3",2,0
QA-SIM-051,Curioso,14,"15 1 19","5 17 3",2,0
QA-SIM-051,Curioso,15,"10 2 11","5 17 3",2,0
QA-SIM-051,Curioso,16,"3 4 6","5 17 3",2,0
QA-SIM-051,Curioso,17,"18 0 7","5 17 3",2,0
QA-SIM-051,Curioso,18,"3 8 18","5 17 3",2,0
QA-SIM-051,Curioso,19,"0 8 15","5 17 3",2,0
QA-SIM-051,Curioso,20,"18 18 14","5 17 3",2,0
QA-SIM-051,Curioso,21,"0 13 3","5 17 3",2,0
QA-SIM-051,Curioso,22,"12 18 3","5 17 3",2,0
QA-SIM-051,Curioso,23,"10 19 6","5 17 3",2,0
QA-SIM-051,Curioso,24,"5 8 7","5 17 3",2,0
QA-SIM-051,Curioso,25,"6 15 7","5 17 3",2,0
QA-SIM-051,Curioso,26,"0 17 7","5 17 3",2,0
QA-SIM-051,Curioso,27,"0 14 6","5 17 3",2,0
QA-SIM-051,Curioso,28,"19 16 18","5 17 3",2,0
QA-SIM-051,Curioso,29,"1 11 7","5 17 3",2,0
QA-SIM-051,Curioso,30,"4 10 5","5 17 3",2,0
QA-SIM-051,Curioso,31,"5 5 14","5 17 3",2,0
QA-SIM-051,Curioso,32,"0 10 15","5 17 3",2,0
QA-SIM-051,Curioso,33,"5 3 9","5 17 3",2,0
QA-SIM-051,Curioso,34,"19 16 0","5 17 3",2,0
QA-SIM-051,Curioso,35,"8 0 16","5 17 3",2,0
QA-SIM-052,Casual,0,"17 5 7","17 5 7",3,60
QA-SIM-052,Casual,1,"15 15 5","15 4 5",2,200
QA-SIM-052,Casual,2,"18 7 17","15 4 5",2,200
QA-SIM-052,Casual,3,"10 2 15","15 4 5",2,200
QA-SIM-052,Casual,4,"12 15 7","15 4 5",2,200
QA-SIM-052,Casual,5,"13 4 6","15 4 5",2,200
QA-SIM-052,Casual,6,"3 0 6","15 4 5",2,200
QA-SIM-052,Casual,7,"5 3 15","15 4 5",2,200
QA-SIM-052,Casual,8,"8 18 3","15 4 5",2,200
QA-SIM-052,Casual,9,"0 4 19","15 4 5",2,200
QA-SIM-052,Casual,10,"6 11 18","15 4 5",2,200
QA-SIM-052,Casual,11,"6 18 17","15 4 5",2,200
QA-SIM-052,Casual,12,"15 12 6","15 4 5",2,200
QA-SIM-052,Casual,13,"10 5 3","15 4 5",2,200
QA-SIM-052,Casual,14,"1 13 8","15 4 5",2,200
QA-SIM-052,Casual,15,"4 0 4","15 4 5",2,200
QA-SIM-052,Casual,16,"14 3 0","15 4 5",2,200
QA-SIM-052,Casual,17,"10 17 10","15 4 5",2,200
QA-SIM-052,Casual,18,"17 8 8","15 4 5",2,200
QA-SIM-052,Casual,19,"15 15 14","15 4 5",2,200
QA-SIM-052,Casual,20,"7 5 11","15 4 5",2,200
QA-SIM-052,Casual,21,"19 3 13","15 4 5",2,200
QA-SIM-052,Casual,22,"7 10 15","15 4 5",2,200
QA-SIM-052,Casual,23,"18 6 16","15 4 5",2,200
QA-SIM-052,Casual,24,"15 6 1","15 4 5",2,200
QA-SIM-052,Casual,25,"8 4 1","15 4 5",2,200
QA-SIM-052,Casual,26,"1 3 5","15 4 5",2,200
QA-SIM-052,Casual,27,"18 7 18","15 4 5",2,200
QA-SIM-052,Casual,28,"2 10 14","15 4 5",2,200
QA-SIM-052,Casual,29,"12 10 1","15 4 5",2,200
QA-SIM-052,Casual,30,"4 12 5","15 4 5",2,200
QA-SIM-052,Casual,31,"15 6 6","15 4 5",2,200
QA-SIM-052,Casual,32,"6 3 17","15 4 5",2,200
QA-SIM-052,Casual,33,"11 8 3","15 4 5",2,200
QA-SIM-052,Casual,34,"10 7 1","15 4 5",2,200
QA-SIM-052,Casual,35,"17 7 13","15 4 5",2,200
QA-SIM-053,Regular,0,"1 16 5","1 16 5",3,500
QA-SIM-053,Regular,1,"5 12 11","5 12 14",2,0
QA-SIM-053,Regular,2,"15 11 17","5 12 14",2,0
QA-SIM-053,Regular,3,"13 4 11","5 12 14",2,0
QA-SIM-053,Regular,4,"6 15 7","5 12 14",2,0
QA-SIM-053,Regular,5,"15 8 17","5 12 14",2,0
QA-SIM-053,Regular,6,"2 7 11","5 12 14",2,0
QA-SIM-053,Regular,7,"18 4 14","5 12 14",2,0
QA-SIM-053,Regular,8,"17 3 19","5 12 14",2,0
QA-SIM-053,Regular,9,"9 8 10","5 12 14",2,0
QA-SIM-053,Regular,10,"18 19 14","5 12 14",2,0
QA-SIM-053,Regular,11,"1 17 1","5 12 14",2,0
QA-SIM-053,Regular,12,"0 9 0","5 12 14",2,0
QA-SIM-053,Regular,13,"12 13 17","5 12 14",2,0
QA-SIM-053,Regular,14,"7 15 17","5 12 14",2,0
QA-SIM-053,Regular,15,"10 15 16","5 12 14",2,0
QA-SIM-053,Regular,16,"13 6 2","5 12 14",2,0
QA-SIM-053,Regular,17,"13 1 2","5 12 14",2,0
QA-SIM-053,Regular,18,"19 9 12","5 12 14",2,0
QA-SIM-053,Regular,19,"0 17 0","5 12 14",2,0
QA-SIM-053,Regular,20,"10 13 15","5 12 14",2,0
QA-SIM-053,Regular,21,"7 6 0","5 12 14",2,0
QA-SIM-053,Regular,22,"17 6 17","5 12 14",2,0
QA-SIM-053,Regular,23,"16 17 14","5 12 14",2,0
QA-SIM-053,Regular,24,"8 8 12","5 12 14",2,0
QA-SIM-053,Regular,25,"13 0 17","5 12 14",2,0
QA-SIM-053,Regular,26,"8 16 4","5 12 14",2,0
QA-SIM-053,Regular,27,"15 16 11","5 12 14",2,0
QA-SIM-053,Regular,28,"8 13 15","5 12 14",2,0
QA-SIM-053,Regular,29,"6 17 16","5 12 14",2,0
QA-SIM-053,Regular,30,"11 8 19","5 12 14",2,0
QA-SIM-053,Regular,31,"12 7 2","5 12 14",2,0
QA-SIM-053,Regular,32,"8 13 13","5 12 14",2,0
QA-SIM-053,Regular,33,"1 16 3","5 12 14",2,0
QA-SIM-053,Regular,34,"5 17 2","5 12 14",2,0
QA-SIM-053,Regular,35,"15 13 2","5 12 14",2,0
QA-SIM-054,Whale,0,"9 7 2","9 7 2",3,60
QA-SIM-054,Whale,1,"6 3 17","5 11 9",0,0
QA-SIM-054,Whale,2,"2 15 5","2 11 5",2,1000000
QA-SIM-054,Whale,3,"0 4 15","2 11 5",2,1000000
QA-SIM-054,Whale,4,"2 7 19","2 11 5",2,1000000
QA-SIM-054,Whale,5,"9 5 5","2 11 5",2,1000000
QA-SIM-054,Whale,6,"14 19 17","2 11 5",2,1000000
QA-SIM-054,Whale,7,"11 4 15","2 11 5",2,1000000
QA-SIM-054,Whale,8,"11 16 17","2 11 5",2,1000000
QA-SIM-054,Whale,9,"4 5 11","2 11 5",2,1000000
QA-SIM-054,Whale,10,"17 8 9","2 11 5",2,1000000
QA-SIM-054,Whale,11,"15 0 6","2 11 5",2,1000000
QA-SIM-054,Whale,12,"0 15 14","2 11 5",2,1000000
QA-SIM-054,Whale,13,"8 2 17","2 11 5",2,1000000
QA-SIM-054,Whale,14,"4 8 12","2 11 5",2,1000000
QA-SIM-054,Whale,15,"2 16 16","2 11 5",2,1000000
QA-SIM-054,Whale,16,"5 17 2","2 11 5",2,1000000
QA-SIM-054,Whale,17,"14 0 16","2 11 5",2,1000000
QA-SIM-054,Whale,18,"7 17 8","2 11 5",2,1000000
QA-SIM-054,Whale,19,"5 17 18","2 11 5",2,1000000
QA-SIM-054,Whale,20,"11 12 14","2 11 5",2,1000000
QA-SIM-054,Whale,21,"5 12 15","2 11 5",2,1000000
QA-SIM-054,Whale,22,"17 3 19","2 11 5",2,1000000
QA-SIM-054,Whale,23,"15 2 6","2 11 5",2,1000000
QA-SIM-054,Whale,24,"0 0 9","2 11 5",2,1000000
QA-SIM-054,Whale,25,"7 0 16","2 11 5",2,1000000
QA-SIM-054,Whale,26,"9 1 7","2 11 5",2,1000000
QA-SIM-054,Whale,27,"14 14 3","2 11 5",2,1000000
QA-SIM-054,Whale,28,"2 3 12","2 11 5",2,1000000
QA-SIM-054,Whale,29,"2 11 17","2 11 5",2,1000000
QA-SIM-054,Whale,30,"0 0 6","2 11 5",2,1000000
QA-SIM-054,Whale,31,"13 5 6","2 11 5",2,1000000
QA-SIM-054,Whale,32,"17 2 10","2 11 5",2,1000000
QA-SIM-054,Whale,33,"4 3 14","2 11 5",2,1000000
QA-SIM-054,Whale,34,"7 13 3","2 11 5",2,1000000
QA-SIM-054,Whale,35,"15 18 10","2 11 5",2,1000000
QA-SIM-055,Curioso,0,"15 9 11","15 9 11",3,60
QA-SIM-055,Curioso,1,"15 12 8","15 12 19",2,0
QA-SIM-055,Curioso,2,"17 7 17","15 12 19",2,0
QA-SIM-055,Curioso,3,"6 15 10","15 12 19",2,0
QA-SIM-055,Curioso,4,"12 12 14","15 12 19",2,0
QA-SIM-055,Curioso,5,"8 6 6","15 12 19",2,0
QA-SIM-055,Curioso,6,"2 17 4","15 12 19",2,0
QA-SIM-055,Curioso,7,"11 8 5","15 12 19",2,0
QA-SIM-055,Curioso,8,"14 7 16","15 12 19",2,0
QA-SIM-055,Curioso,9,"6 18 16","15 12 19",2,0
QA-SIM-055,Curioso,10,"14 2 6","15 12 19",2,0
QA-SIM-055,Curioso,11,"13 0 13","15 12 19",2,0
QA-SIM-055,Curioso,12,"15 7 7","15 12 19",2,0
QA-SIM-055,Curioso,13,"10 5 15","15 12 19",2,0
QA-SIM-055,Curioso,14,"16 5 16","15 12 19",2,0
QA-SIM-055,Curioso,15,"8 10 17","15 12 19",2,0
QA-SIM-055,Curioso,16,"14 8 14","15 12 19",2,0
QA-SIM-055,Curioso,17,"6 2 17","15 12 19",2,0
QA-SIM-055,Curioso,18,"16 10 18","15 12 19",2,0
QA-SIM-055,Curioso,19,"8 6 1","15 12 19",2,0
QA-SIM-055,Curioso,20,"6 7 11","15 12 19",2,0
QA-SIM-055,Curioso,21,"0 17 4","15 12 19",2,0
QA-SIM-055,Curioso,22,"8 5 3","15 12 19",2,0
QA-SIM-055,Curioso,23,"7 9 12","15 12 19",2,0
QA-SIM-055,Curioso,24,"11 9 6","15 12 19",2,0
QA-SIM-055,Curioso,25,"5 13 3","15 12 19",2,0
QA-SIM-055,Curioso,26,"13 13 11","15 12 19",2,0
QA-SIM-055,Curioso,27,"3 2 15","15 12 19",2,0
QA-SIM-055,Curioso,28,"4 11 5","15 12 19",2,0
QA-SIM-055,Curioso,29,"11 6 11","15 12 19",2,0
QA-SIM-055,Curioso,30,"0 5 11","15 12 19",2,0
QA-SIM-055,Curioso,31,"5 0 8","15 12 19",2,0
QA-SIM-055,Curioso,32,"2 0 19","15 12 19",2,0
QA-SIM-055,Curioso,33,"10 2 9","15 12 19",2,0
QA-SIM-055,Curioso,34,"16 8 0","15 12 19",2,0
QA-SIM-055,Curioso,35,"14 1 6","15 12 19",2,0
QA-SIM-056,Casual,0,"11 19 1","11 19 1",3,500
QA-SIM-056,Casual,1,"9 16 11","2 16 11",2,1000000
QA-SIM-056,Casual,2,"4 3 10","2 16 11",2,1000000
QA-SIM-056,Casual,3,"12 1 18","2 16 11",2,1000000
QA-SIM-056,Casual,4,"12 9 18","2 16 11",2,1000000
QA-SIM-056,Casual,5,"3 7 11","2 16 11",2,1000000
QA-SIM-056,Casual,6,"7 6 10","2 16 11",2,1000000
QA-SIM-056,Casual,7,"13 16 3","2 16 11",2,1000000
QA-SIM-056,Casual,8,"5 17 8","2 16 11",2,1000000
QA-SIM-056,Casual,9,"18 10 16","2 16 11",2,1000000
QA-SIM-056,Casual,10,"13 1 13","2 16 11",2,1000000
QA-SIM-056,Casual,11,"16 18 7","2 16 11",2,1000000
QA-SIM-056,Casual,12,"8 5 9","2 16 11",2,1000000
QA-SIM-056,Casual,13,"16 12 15","2 16 11",2,1000000
QA-SIM-056,Casual,14,"14 5 17","2 16 11",2,1000000
QA-SIM-056,Casual,15,"18 6 6","2 16 11",2,1000000
QA-SIM-056,Casual,16,"10 12 16","2 16 11",2,1000000
QA-SIM-056,Casual,17,"19 0 4","2 16 11",2,1000000
QA-SIM-056,Casual,18,"16 2 0","2 16 11",2,1000000
QA-SIM-056,Casual,19,"3 16 1","2 16 11",2,1000000
QA-SIM-056,Casual,20,"4 0 1","2 16 11",2,1000000
QA-SIM-056,Casual,21,"19 19 10","2 16 11",2,1000000
QA-SIM-056,Casual,22,"5 1 3","2 16 11",2,1000000
QA-SIM-056,Casual,23,"10 5 18","2 16 11",2,1000000
QA-SIM-056,Casual,24,"18 3 6","2 16 11",2,1000000
QA-SIM-056,Casual,25,"1 11 4","2 16 11",2,1000000
QA-SIM-056,Casual,26,"11 0 2","2 16 11",2,1000000
QA-SIM-056,Casual,27,"14 0 6","2 16 11",2,1000000
QA-SIM-056,Casual,28,"1 9 13","2 16 11",2,1000000
QA-SIM-056,Casual,29,"4 12 6","2 16 11",2,1000000
QA-SIM-056,Casual,30,"3 12 18","2 16 11",2,1000000
QA-SIM-056,Casual,31,"10 6 5","2 16 11",2,1000000
QA-SIM-056,Casual,32,"8 2 0","2 16 11",2,1000000
QA-SIM-056,Casual,33,"0 3 11","2 16 11",2,1000000
QA-SIM-056,Casual,34,"16 16 13","2 16 11",2,1000000
QA-SIM-056,Casual,35,"13 17 14","2 16 11",2,1000000
QA-SIM-057,Regular,0,"15 2 4","15 2 4",3,60
QA-SIM-057,Regular,1,"7 14 9","7 8 9",2,5000000
QA-SIM-057,Regular,2,"3 5 4","7 8 9",2,5000000
QA-SIM-057,Regular,3,"17 9 7","7 8 9",2,5000000
QA-SIM-057,Regular,4,"3 13 18","7 8 9",2,5000000
QA-SIM-057,Regular,5,"3 10 15","7 8 9",2,5000000
QA-SIM-057,Regular,6,"5 8 14","7 8 9",2,5000000
QA-SIM-057,Regular,7,"7 4 2","7 8 9",2,5000000
QA-SIM-057,Regular,8,"13 4 11","7 8 9",2,5000000
QA-SIM-057,Regular,9,"6 3 0","7 8 9",2,5000000
QA-SIM-057,Regular,10,"16 12 3","7 8 9",2,5000000
QA-SIM-057,Regular,11,"3 8 1","7 8 9",2,5000000
QA-SIM-057,Regular,12,"6 9 5","7 8 9",2,5000000
QA-SIM-057,Regular,13,"4 16 11","7 8 9",2,5000000
QA-SIM-057,Regular,14,"12 16 16","7 8 9",2,5000000
QA-SIM-057,Regular,15,"19 13 7","7 8 9",2,5000000
QA-SIM-057,Regular,16,"7 14 6","7 8 9",2,5000000
QA-SIM-057,Regular,17,"0 14 1","7 8 9",2,5000000
QA-SIM-057,Regular,18,"2 8 9","7 8 9",2,5000000
QA-SIM-057,Regular,19,"3 11 6","7 8 9",2,5000000
QA-SIM-057,Regular,20,"13 16 13","7 8 9",2,5000000
QA-SIM-057,Regular,21,"1 12 8","7 8 9",2,5000000
QA-SIM-057,Regular,22,"19 18 6","7 8 9",2,5000000
QA-SIM-057,Regular,23,"12 1 1","7 8 9",2,5000000
QA-SIM-057,Regular,24,"0 8 11","7 8 9",2,5000000
QA-SIM-057,Regular,25,"4 17 9","7 8 9",2,5000000
QA-SIM-057,Regular,26,"8 7 7","7 8 9",2,5000000
QA-SIM-057,Regular,27,"1 8 4","7 8 9",2,5000000
QA-SIM-057,Regular,28,"13 9 5","7 8 9",2,5000000
QA-SIM-057,Regular,29,"17 2 16","7 8 9",2,5000000
QA-SIM-057,Regular,30,"9 12 4","7 8 9",2,5000000
QA-SIM-057,Regular,31,"13 19 19","7 8 9",2,5000000
QA-SIM-057,Regular,32,"14 9 7","7 8 9",2,5000000
QA-SIM-057,Regular,33,"16 19 9","7 8 9",2,5000000
QA-SIM-057,Regular,34,"7 3 7","7 8 9",2,5000000
QA-SIM-057,Regular,35,"0 9 1","7 8 9",2,5000000
QA-SIM-058,Whale,0,"13 4 10","13 4 10",3,60
QA-SIM-058,Whale,1,"2 17 19","2 17 0",2,0
QA-SIM-058,Whale,2,"1 13 12","2 17 0",2,0
QA-SIM-058,Whale,3,"1 19 18","2 17 0",2,0
QA-SIM-058,Whale,4,"6 9 12","2 17 0",2,0
QA-SIM-058,Whale,5,"6 15 13","2 17 0",2,0
QA-SIM-058,Whale,6,"2 14 12","2 17 0",2,0
QA-SIM-058,Whale,7,"18 11 12","2 17 0",2,0
QA-SIM-058,Whale,8,"11 13 2","2 17 0",2,0
QA-SIM-058,Whale,9,"0 16 16","2 17 0",2,0
QA-SIM-058,Whale,10,"10 10 1","2 17 0",2,0
QA-SIM-058,Whale,11,"17 10 2","2 17 0",2,0
QA-SIM-058,Whale,12,"12 6 7","2 17 0",2,0
QA-SIM-058,Whale,13,"14 11 17","2 17 0",2,0
QA-SIM-058,Whale,14,"2 16 17","2 17 0",2,0
QA-SIM-058,Whale,15,"13 5 6","2 17 0",2,0
QA-SIM-058,Whale,16,"18 17 3","2 17 0",2,0
QA-SIM-058,Whale,17,"10 5 0","2 17 0",2,0
QA-SIM-058,Whale,18,"2 17 16","2 17 0",2,0
QA-SIM-058,Whale,19,"16 8 3","2 17 0",2,0
QA-SIM-058,Whale,20,"16 0 1","2 17 0",2,0
QA-SIM-058,Whale,21,"0 5 15","2 17 0",2,0
QA-SIM-058,Whale,22,"1 2 15","2 17 0",2,0
QA-SIM-058,Whale,23,"19 11 19","2 17 0",2,0
QA-SIM-058,Whale,24,"9 5 16","2 17 0",2,0
QA-SIM-058,Whale,25,"12 16 18","2 17 0",2,0
QA-SIM-058,Whale,26,"18 13 15","2 17 0",2,0
QA-SIM-058,Whale,27,"4 3 16","2 17 0",2,0
QA-SIM-058,Whale,28,"13 17 18","2 17 0",2,0
QA-SIM-058,Whale,29,"19 10 0","2 17 0",2,0
QA-SIM-058,Whale,30,"17 4 4","2 17 0",2,0
QA-SIM-058,Whale,31,"7 17 18","2 17 0",2,0
QA-SIM-058,Whale,32,"19 10 3","2 17 0",2,0
QA-SIM-058,Whale,33,"16 0 14","2 17 0",2,0
QA-SIM-058,Whale,34,"15 1 16","2 17 0",2,0
QA-SIM-058,Whale,35,"15 18 8","2 17 0",2,0
QA-SIM-059,Curioso,0,"14 14 5","14 14 5",3,60
QA-SIM-059,Curioso,1,"17 3 12","17 3 9",2,5000
QA-SIM-059,Curioso,2,"18 12 9","17 3 9",2,5000
QA-SIM-059,Curioso,3,"16 17 8","17 3 9",2,5000
QA-SIM-059,Curioso,4,"6 17 15","17 3 9",2,5000
QA-SIM-059,Curioso,5,"19 2 14","17 3 9",2,5000
QA-SIM-059,Curioso,6,"8 13 6","17 3 9",2,5000
QA-SIM-059,Curioso,7,"3 19 6","17 3 9",2,5000
QA-SIM-059,Curioso,8,"17 0 19","17 3 9",2,5000
QA-SIM-059,Curioso,9,"0 19 18","17 3 9",2,5000
QA-SIM-059,Curioso,10,"2 6 2","17 3 9",2,5000
QA-SIM-059,Curioso,11,"1 13 8","17 3 9",2,5000
QA-SIM-059,Curioso,12,"7 5 1","17 3 9",2,5000
QA-SIM-059,Curioso,13,"9 0 12","17 3 9",2,5000
QA-SIM-059,Curioso,14,"2 5 12","17 3 9",2,5000
QA-SIM-059,Curioso,15,"16 6 13","17 3 9",2,5000
QA-SIM-059,Curioso,16,"12 19 7","17 3 9",2,5000
QA-SIM-059,Curioso,17,"9 11 11","17 3 9",2,5000
QA-SIM-059,Curioso,18,"7 9 17","17 3 9",2,5000
QA-SIM-059,Curioso,19,"12 8 13","17 3 9",2,5000
QA-SIM-059,Curioso,20,"1 7 4","17 3 9",2,5000
QA-SIM-059,Curioso,21,"13 9 13","17 3 9",2,5000
QA-SIM-059,Curioso,22,"8 3 13","17 3 9",2,5000
QA-SIM-059,Curioso,23,"5 9 10","17 3 9",2,5000
QA-SIM-059,Curioso,24,"8 4 5","17 3 9",2,5000
QA-SIM-059,Curioso,25,"5 4 13","17 3 9",2,5000
QA-SIM-059,Curioso,26,"17 3 15","17 3 9",2,5000
QA-SIM-059,Curioso,27,"1 9 11","17 3 9",2,5000
QA-SIM-059,Curioso,28,"19 16 14","17 3 9",2,5000
QA-SIM-059,Curioso,29,"19 12 18","17 3 9",2,5000
QA-SIM-059,Curioso,30,"2 1 1","17 3 9",2,5000
QA-SIM-059,Curioso,31,"7 19 5","17 3 9",2,5000
QA-SIM-059,Curioso,32,"15 14 2","17 3 9",2,5000
QA-SIM-059,Curioso,33,"18 4 2","17 3 9",2,5000
QA-SIM-059,Curioso,34,"14 2 3","17 3 9",2,5000
QA-SIM-059,Curioso,35,"1 10 1","17 3 9",2,5000
QA-SIM-060,Casual,0,"3 12 2","3 12 2",3,200
QA-SIM-060,Casual,1,"15 17 4","15 8 4",2,0
QA-SIM-060,Casual,2,"0 10 9","15 8 4",2,0
QA-SIM-060,Casual,3,"14 16 14","15 8 4",2,0
QA-SIM-060,Casual,4,"0 8 12","15 8 4",2,0
QA-SIM-060,Casual,5,"3 14 6","15 8 4",2,0
QA-SIM-060,Casual,6,"8 9 11","15 8 4",2,0
QA-SIM-060,Casual,7,"14 19 19","15 8 4",2,0
QA-SIM-060,Casual,8,"17 3 9","15 8 4",2,0
QA-SIM-060,Casual,9,"3 5 15","15 8 4",2,0
QA-SIM-060,Casual,10,"14 10 13","15 8 4",2,0
QA-SIM-060,Casual,11,"5 19 5","15 8 4",2,0
QA-SIM-060,Casual,12,"18 12 0","15 8 4",2,0
QA-SIM-060,Casual,13,"8 19 19","15 8 4",2,0
QA-SIM-060,Casual,14,"0 5 13","15 8 4",2,0
QA-SIM-060,Casual,15,"19 13 11","15 8 4",2,0
QA-SIM-060,Casual,16,"12 5 18","15 8 4",2,0
QA-SIM-060,Casual,17,"7 0 15","15 8 4",2,0
QA-SIM-060,Casual,18,"4 2 10","15 8 4",2,0
QA-SIM-060,Casual,19,"10 13 3","15 8 4",2,0
QA-SIM-060,Casual,20,"7 15 12","15 8 4",2,0
QA-SIM-060,Casual,21,"15 6 10","15 8 4",2,0
QA-SIM-060,Casual,22,"9 13 18","15 8 4",2,0
QA-SIM-060,Casual,23,"5 9 7","15 8 4",2,0
QA-SIM-060,Casual,24,"11 0 7","15 8 4",2,0
QA-SIM-060,Casual,25,"15 18 9","15 8 4",2,0
QA-SIM-060,Casual,26,"7 16 11","15 8 4",2,0
QA-SIM-060,Casual,27,"12 4 2","15 8 4",2,0
QA-SIM-060,Casual,28,"10 19 16","15 8 4",2,0
QA-SIM-060,Casual,29,"5 17 0","15 8 4",2,0
QA-SIM-060,Casual,30,"18 5 19","15 8 4",2,0
QA-SIM-060,Casual,31,"19 19 1","15 8 4",2,0
QA-SIM-060,Casual,32,"19 11 19","15 8 4",2,0
QA-SIM-060,Casual,33,"11 1 8","15 8 4",2,0
QA-SIM-060,Casual,34,"8 18 16","15 8 4",2,0
QA-SIM-060,Casual,35,"6 13 0","15 8 4",2,0
QA-SIM-061,Regular,0,"17 19 2","17 19 2",3,60
QA-SIM-061,Regular,1,"1 6 16","1 3 16",2,1000
QA-SIM-061,Regular,2,"17 5 0","1 3 16",2,1000
QA-SIM-061,Regular,3,"15 19 1","1 3 16",2,1000
QA-SIM-061,Regular,4,"9 4 12","1 3 16",2,1000
QA-SIM-061,Regular,5,"18 10 5","1 3 16",2,1000
QA-SIM-061,Regular,6,"10 13 0","1 3 16",2,1000
QA-SIM-061,Regular,7,"19 10 3","1 3 16",2,1000
QA-SIM-061,Regular,8,"17 13 13","1 3 16",2,1000
QA-SIM-061,Regular,9,"9 1 7","1 3 16",2,1000
QA-SIM-061,Regular,10,"0 18 1","1 3 16",2,1000
QA-SIM-061,Regular,11,"11 3 19","1 3 16",2,1000
QA-SIM-061,Regular,12,"16 12 19","1 3 16",2,1000
QA-SIM-061,Regular,13,"19 3 0","1 3 16",2,1000
QA-SIM-061,Regular,14,"16 10 16","1 3 16",2,1000
QA-SIM-061,Regular,15,"16 1 18","1 3 16",2,1000
QA-SIM-061,Regular,16,"11 11 3","1 3 16",2,1000
QA-SIM-061,Regular,17,"4 17 12","1 3 16",2,1000
QA-SIM-061,Regular,18,"3 14 13","1 3 16",2,1000
QA-SIM-061,Regular,19,"0 5 12","1 3 16",2,1000
QA-SIM-061,Regular,20,"1 10 0","1 3 16",2,1000
QA-SIM-061,Regular,21,"5 2 1","1 3 16",2,1000
QA-SIM-061,Regular,22,"0 5 0","1 3 16",2,1000
QA-SIM-061,Regular,23,"13 2 11","1 3 16",2,1000
QA-SIM-061,Regular,24,"16 11 17","1 3 16",2,1000
QA-SIM-061,Regular,25,"9 9 14","1 3 16",2,1000
QA-SIM-061,Regular,26,"15 19 3","1 3 16",2,1000
QA-SIM-061,Regular,27,"7 1 5","1 3 16",2,1000
QA-SIM-061,Regular,28,"12 17 4","1 3 16",2,1000
QA-SIM-061,Regular,29,"16 19 15","1 3 16",2,1000
QA-SIM-061,Regular,30,"17 0 12","1 3 16",2,1000
QA-SIM-061,Regular,31,"12 19 16","1 3 16",2,1000
QA-SIM-061,Regular,32,"10 7 16","1 3 16",2,1000
QA-SIM-061,Regular,33,"2 1 1","1 3 16",2,1000
QA-SIM-061,Regular,34,"8 12 4","1 3 16",2,1000
QA-SIM-061,Regular,35,"4 7 9","1 3 16",2,1000
QA-SIM-062,Whale,0,"1 10 14","1 10 14",3,60
QA-SIM-062,Whale,1,"9 10 4","12 10 4",2,500000
QA-SIM-062,Whale,2,"8 10 2","12 10 4",2,500000
QA-SIM-062,Whale,3,"0 18 11","12 10 4",2,500000
QA-SIM-062,Whale,4,"16 12 12","12 10 4",2,500000
QA-SIM-062,Whale,5,"3 10 14","12 10 4",2,500000
QA-SIM-062,Whale,6,"9 15 5","12 10 4",2,500000
QA-SIM-062,Whale,7,"9 17 12","12 10 4",2,500000
QA-SIM-062,Whale,8,"10 16 4","12 10 4",2,500000
QA-SIM-062,Whale,9,"12 5 1","12 10 4",2,500000
QA-SIM-062,Whale,10,"14 6 16","12 10 4",2,500000
QA-SIM-062,Whale,11,"18 7 15","12 10 4",2,500000
QA-SIM-062,Whale,12,"12 8 6","12 10 4",2,500000
QA-SIM-062,Whale,13,"5 5 7","12 10 4",2,500000
QA-SIM-062,Whale,14,"18 18 15","12 10 4",2,500000
QA-SIM-062,Whale,15,"16 9 6","12 10 4",2,500000
QA-SIM-062,Whale,16,"5 3 14","12 10 4",2,500000
QA-SIM-062,Whale,17,"19 12 13","12 10 4",2,500000
QA-SIM-062,Whale,18,"8 9 0","12 10 4",2,500000
QA-SIM-062,Whale,19,"17 10 2","12 10 4",2,500000
QA-SIM-062,Whale,20,"15 19 9","12 10 4",2,500000
QA-SIM-062,Whale,21,"0 8 7","12 10 4",2,500000
QA-SIM-062,Whale,22,"9 8 6","12 10 4",2,500000
QA-SIM-062,Whale,23,"14 18 15","12 10 4",2,500000
QA-SIM-062,Whale,24,"2 19 15","12 10 4",2,500000
QA-SIM-062,Whale,25,"0 0 8","12 10 4",2,500000
QA-SIM-062,Whale,26,"1 16 19","12 10 4",2,500000
QA-SIM-062,Whale,27,"12 14 13","12 10 4",2,500000
QA-SIM-062,Whale,28,"17 4 17","12 10 4",2,500000
QA-SIM-062,Whale,29,"6 5 2","12 10 4",2,500000
QA-SIM-062,Whale,30,"9 2 5","12 10 4",2,500000
QA-SIM-062,Whale,31,"2 15 11","12 10 4",2,500000
QA-SIM-062,Whale,32,"2 7 11","12 10 4",2,500000
QA-SIM-062,Whale,33,"12 19 10","12 10 4",2,500000
QA-SIM-062,Whale,34,"3 16 13","12 10 4",2,500000
QA-SIM-062,Whale,35,"2 13 4","12 10 4",2,500000
QA-SIM-063,Curioso,0,"1 16 7","1 16 7",3,200
QA-SIM-063,Curioso,1,"13 13 7","13 2 7",2,500000
QA-SIM-063,Curioso,2,"11 1 19","13 2 7",2,500000
QA-SIM-063,Curioso,3,"1 11 18","13 2 7",2,500000
QA-SIM-063,Curioso,4,"8 12 8","13 2 7",2,500000
QA-SIM-063,Curioso,5,"9 16 1","13 2 7",2,500000
QA-SIM-063,Curioso,6,"0 1 10","13 2 7",2,500000
QA-SIM-063,Curioso,7,"8 0 12","13 2 7",2,500000
QA-SIM-063,Curioso,8,"6 8 4","13 2 7",2,500000
QA-SIM-063,Curioso,9,"12 18 18","13 2 7",2,500000
QA-SIM-063,Curioso,10,"15 4 18","13 2 7",2,500000
QA-SIM-063,Curioso,11,"17 16 1","13 2 7",2,500000
QA-SIM-063,Curioso,12,"3 13 15","13 2 7",2,500000
QA-SIM-063,Curioso,13,"18 1 8","13 2 7",2,500000
QA-SIM-063,Curioso,14,"13 7 2","13 2 7",2,500000
QA-SIM-063,Curioso,15,"11 1 13","13 2 7",2,500000
QA-SIM-063,Curioso,16,"8 16 7","13 2 7",2,500000
QA-SIM-063,Curioso,17,"10 19 19","13 2 7",2,500000
QA-SIM-063,Curioso,18,"11 10 2","13 2 7",2,500000
QA-SIM-063,Curioso,19,"0 18 8","13 2 7",2,500000
QA-SIM-063,Curioso,20,"13 8 11","13 2 7",2,500000
QA-SIM-063,Curioso,21,"2 9 5","13 2 7",2,500000
QA-SIM-063,Curioso,22,"5 0 5","13 2 7",2,500000
QA-SIM-063,Curioso,23,"10 13 8","13 2 7",2,500000
QA-SIM-063,Curioso,24,"0 12 1","13 2 7",2,500000
QA-SIM-063,Curioso,25,"0 2 4","13 2 7",2,500000
QA-SIM-063,Curioso,26,"17 16 9","13 2 7",2,500000
QA-SIM-063,Curioso,27,"15 6 11","13 2 7",2,500000
QA-SIM-063,Curioso,28,"5 19 8","13 2 7",2,500000
QA-SIM-063,Curioso,29,"13 13 14","13 2 7",2,500000
QA-SIM-063,Curioso,30,"15 11 10","13 2 7",2,500000
QA-SIM-063,Curioso,31,"16 16 16","13 2 7",2,500000
QA-SIM-063,Curioso,32,"17 2 8","13 2 7",2,500000
QA-SIM-063,Curioso,33,"12 19 6","13 2 7",2,500000
QA-SIM-063,Curioso,34,"7 7 3","13 2 7",2,500000
QA-SIM-063,Curioso,35,"0 7 18","13 2 7",2,500000
QA-SIM-064,Casual,0,"1 17 10","1 17 10",3,500
QA-SIM-064,Casual,1,"16 14 12","16 7 12",2,500000
QA-SIM-064,Casual,2,"18 18 0","16 7 12",2,500000
QA-SIM-064,Casual,3,"16 18 18","16 7 12",2,500000
QA-SIM-064,Casual,4,"14 13 2","16 7 12",2,500000
QA-SIM-064,Casual,5,"5 6 7","16 7 12",2,500000
QA-SIM-064,Casual,6,"6 9 17","16 7 12",2,500000
QA-SIM-064,Casual,7,"19 3 1","16 7 12",2,500000
QA-SIM-064,Casual,8,"4 8 2","16 7 12",2,500000
QA-SIM-064,Casual,9,"15 16 18","16 7 12",2,500000
QA-SIM-064,Casual,10,"12 10 19","16 7 12",2,500000
QA-SIM-064,Casual,11,"5 12 19","16 7 12",2,500000
QA-SIM-064,Casual,12,"5 4 14","16 7 12",2,500000
QA-SIM-064,Casual,13,"16 8 7","16 7 12",2,500000
QA-SIM-064,Casual,14,"6 14 15","16 7 12",2,500000
QA-SIM-064,Casual,15,"2 19 16","16 7 12",2,500000
QA-SIM-064,Casual,16,"7 15 3","16 7 12",2,500000
QA-SIM-064,Casual,17,"6 15 17","16 7 12",2,500000
QA-SIM-064,Casual,18,"11 11 1","16 7 12",2,500000
QA-SIM-064,Casual,19,"3 15 19","16 7 12",2,500000
QA-SIM-064,Casual,20,"19 19 14","16 7 12",2,500000
QA-SIM-064,Casual,21,"19 8 13","16 7 12",2,500000
QA-SIM-064,Casual,22,"5 15 3","16 7 12",2,500000
QA-SIM-064,Casual,23,"7 3 11","16 7 12",2,500000
QA-SIM-064,Casual,24,"16 9 18","16 7 12",2,500000
QA-SIM-064,Casual,25,"4 9 14","16 7 12",2,500000
QA-SIM-064,Casual,26,"17 7 5","16 7 12",2,500000
QA-SIM-064,Casual,27,"3 19 13","16 7 12",2,500000
QA-SIM-064,Casual,28,"15 13 0","16 7 12",2,500000
QA-SIM-064,Casual,29,"5 16 9","16 7 12",2,500000
QA-SIM-064,Casual,30,"5 0 4","16 7 12",2,500000
QA-SIM-064,Casual,31,"16 16 2","16 7 12",2,500000
QA-SIM-064,Casual,32,"9 3 0","16 7 12",2,500000
QA-SIM-064,Casual,33,"4 2 16","16 7 12",2,500000
QA-SIM-064,Casual,34,"9 18 12","16 7 12",2,500000
QA-SIM-064,Casual,35,"12 1 13","16 7 12",2,500000
QA-SIM-065,Regular,0,"2 3 10","2 3 10",3,60
QA-SIM-065,Regular,1,"16 0 8","16 0 12",2,5000000
QA-SIM-065,Regular,2,"1 7 6","16 0 12",2,5000000
QA-SIM-065,Regular,3,"8 17 6","16 0 12",2,5000000
QA-SIM-065,Regular,4,"12 14 2","16 0 12",2,5000000
QA-SIM-065,Regular,5,"4 3 12","16 0 12",2,5000000
QA-SIM-065,Regular,6,"10 14 11","16 0 12",2,5000000
QA-SIM-065,Regular,7,"11 5 17","16 0 12",2,5000000
QA-SIM-065,Regular,8,"18 2 2","16 0 12",2,5000000
QA-SIM-065,Regular,9,"16 3 15","16 0 12",2,5000000
QA-SIM-065,Regular,10,"16 17 9","16 0 12",2,5000000
QA-SIM-065,Regular,11,"7 14 3","16 0 12",2,5000000
QA-SIM-065,Regular,12,"14 1 13","16 0 12",2,5000000
QA-SIM-065,Regular,13,"2 2 1","16 0 12",2,5000000
QA-SIM-065,Regular,14,"7 1 9","16 0 12",2,5000000
QA-SIM-065,Regular,15,"13 17 18","16 0 12",2,5000000
QA-SIM-065,Regular,16,"7 6 11","16 0 12",2,5000000
QA-SIM-065,Regular,17,"9 11 14","16 0 12",2,5000000
QA-SIM-065,Regular,18,"11 7 6","16 0 12",2,5000000
QA-SIM-065,Regular,19,"1 17 17","16 0 12",2,5000000
QA-SIM-065,Regular,20,"11 18 6","16 0 12",2,5000000
QA-SIM-065,Regular,21,"7 16 14","16 0 12",2,5000000
QA-SIM-065,Regular,22,"18 5 18","16 0 12",2,5000000
QA-SIM-065,Regular,23,"10 4 1","16 0 12",2,5000000
QA-SIM-065,Regular,24,"9 0 5","16 0 12",2,5000000
QA-SIM-065,Regular,25,"14 2 11","16 0 12",2,5000000
QA-SIM-065,Regular,26,"1 15 5","16 0 12",2,5000000
QA-SIM-065,Regular,27,"5 0 18","16 0 12",2,5000000
QA-SIM-065,Regular,28,"18 16 4","16 0 12",2,5000000
QA-SIM-065,Regular,29,"12 19 12","16 0 12",2,5000000
QA-SIM-065,Regular,30,"19 2 10","16 0 12",2,5000000
QA-SIM-065,Regular,31,"2 7 10","16 0 12",2,5000000
QA-SIM-065,Regular,32,"1 0 7","16 0 12",2,5000000
QA-SIM-065,Regular,33,"14 13 18","16 0 12",2,5000000
QA-SIM-065,Regular,34,"16 19 13","16 0 12",2,5000000
QA-SIM-065,Regular,35,"10 4 0","16 0 12",2,5000000
QA-SIM-066,Whale,0,"8 4 16","8 4 16",3,60
QA-SIM-066,Whale,1,"17 8 0","17 16 0",2,1000000
QA-SIM-066,Whale,2,"9 5 16","17 16 0",2,1000000
QA-SIM-066,Whale,3,"17 16 12","17 16 0",2,1000000
QA-SIM-066,Whale,4,"11 9 7","17 16 0",2,1000000
QA-SIM-066,Whale,5,"15 17 12","17 16 0",2,1000000
QA-SIM-066,Whale,6,"5 12 10","17 16 0",2,1000000
QA-SIM-066,Whale,7,"12 16 0","17 16 0",2,1000000
QA-SIM-066,Whale,8,"17 4 8","17 16 0",2,1000000
QA-SIM-066,Whale,9,"0 16 10","17 16 0",2,1000000
QA-SIM-066,Whale,10,"9 1 9","17 16 0",2,1000000
QA-SIM-066,Whale,11,"6 16 9","17 16 0",2,1000000
QA-SIM-066,Whale,12,"11 10 6","17 16 0",2,1000000
QA-SIM-066,Whale,13,"15 12 13","17 16 0",2,1000000
QA-SIM-066,Whale,14,"15 7 18","17 16 0",2,1000000
QA-SIM-066,Whale,15,"7 18 19","17 16 0",2,1000000
QA-SIM-066,Whale,16,"19 3 5","17 16 0",2,1000000
QA-SIM-066,Whale,17,"0 15 10","17 16 0",2,1000000
QA-SIM-066,Whale,18,"10 17 1","17 16 0",2,1000000
QA-SIM-066,Whale,19,"5 2 11","17 16 0",2,1000000
QA-SIM-066,Whale,20,"11 17 17","17 16 0",2,1000000
QA-SIM-066,Whale,21,"11 17 14","17 16 0",2,1000000
QA-SIM-066,Whale,22,"14 16 10","17 16 0",2,1000000
QA-SIM-066,Whale,23,"16 12 5","17 16 0",2,1000000
QA-SIM-067,Curioso,0,"6 16 0","6 16 0",3,500
QA-SIM-067,Curioso,1,"4 9 18","4 10 18",2,1000
QA-SIM-067,Curioso,2,"17 10 12","4 10 18",2,1000
QA-SIM-067,Curioso,3,"11 7 4","4 10 18",2,1000
QA-SIM-067,Curioso,4,"14 7 1","4 10 18",2,1000
QA-SIM-067,Curioso,5,"2 17 2","4 10 18",2,1000
QA-SIM-067,Curioso,6,"7 10 4","4 10 18",2,1000
QA-SIM-067,Curioso,7,"7 17 8","4 10 18",2,1000
QA-SIM-067,Curioso,8,"3 1 6","4 10 18",2,1000
QA-SIM-067,Curioso,9,"2 14 17","4 10 18",2,1000
QA-SIM-067,Curioso,10,"0 14 10","4 10 18",2,1000
QA-SIM-067,Curioso,11,"1 5 3","4 10 18",2,1000
QA-SIM-067,Curioso,12,"6 6 15","4 10 18",2,1000
QA-SIM-067,Curioso,13,"12 3 2","4 10 18",2,1000
QA-SIM-067,Curioso,14,"2 12 1","4 10 18",2,1000
QA-SIM-067,Curioso,15,"7 0 15","4 10 18",2,1000
QA-SIM-067,Curioso,16,"12 17 1","4 10 18",2,1000
QA-SIM-067,Curioso,17,"5 13 5","4 10 18",2,1000
QA-SIM-067,Curioso,18,"1 19 3","4 10 18",2,1000
QA-SIM-067,Curioso,19,"18 4 8","4 10 18",2,1000
QA-SIM-067,Curioso,20,"10 19 2","4 10 18",2,1000
QA-SIM-067,Curioso,21,"0 9 12","4 10 18",2,1000
QA-SIM-067,Curioso,22,"8 7 12","4 10 18",2,1000
QA-SIM-067,Curioso,23,"10 13 0","4 10 18",2,1000
QA-SIM-067,Curioso,24,"9 14 1","4 10 18",2,1000
QA-SIM-067,Curioso,25,"0 10 4","4 10 18",2,1000
QA-SIM-067,Curioso,26,"17 8 5","4 10 18",2,1000
QA-SIM-067,Curioso,27,"9 18 6","4 10 18",2,1000
QA-SIM-067,Curioso,28,"16 11 9","4 10 18",2,1000
QA-SIM-067,Curioso,29,"3 17 2","4 10 18",2,1000
QA-SIM-067,Curioso,30,"6 15 19","4 10 18",2,1000
QA-SIM-067,Curioso,31,"9 12 10","4 10 18",2,1000
QA-SIM-067,Curioso,32,"8 2 18","4 10 18",2,1000
QA-SIM-067,Curioso,33,"14 17 0","4 10 18",2,1000
QA-SIM-067,Curioso,34,"6 15 5","4 10 18",2,1000
QA-SIM-067,Curioso,35,"16 4 4","4 10 18",2,1000
QA-SIM-068,Casual,0,"19 18 4","19 18 4",3,60
QA-SIM-068,Casual,1,"5 2 0","5 2 0",3,200
QA-SIM-068,Casual,2,"3 6 16","17 4 13",0,0
QA-SIM-068,Casual,3,"10 4 13","10 4 0",2,10000000
QA-SIM-068,Casual,4,"13 15 5","10 4 0",2,10000000
QA-SIM-068,Casual,5,"1 13 3","10 4 0",2,10000000
QA-SIM-068,Casual,6,"3 7 15","10 4 0",2,10000000
QA-SIM-068,Casual,7,"12 5 3","10 4 0",2,10000000
QA-SIM-068,Casual,8,"6 5 1","10 4 0",2,10000000
QA-SIM-068,Casual,9,"4 15 11","10 4 0",2,10000000
QA-SIM-068,Casual,10,"17 18 19","10 4 0",2,10000000
QA-SIM-068,Casual,11,"4 5 9","10 4 0",2,10000000
QA-SIM-068,Casual,12,"14 10 14","10 4 0",2,10000000
QA-SIM-068,Casual,13,"10 6 16","10 4 0",2,10000000
QA-SIM-068,Casual,14,"16 7 4","10 4 0",2,10000000
QA-SIM-068,Casual,15,"7 9 7","10 4 0",2,10000000
QA-SIM-068,Casual,16,"9 17 11","10 4 0",2,10000000
QA-SIM-068,Casual,17,"6 15 18","10 4 0",2,10000000
QA-SIM-068,Casual,18,"1 9 14","10 4 0",2,10000000
QA-SIM-068,Casual,19,"19 16 18","10 4 0",2,10000000
QA-SIM-068,Casual,20,"17 10 11","10 4 0",2,10000000
QA-SIM-068,Casual,21,"13 3 2","10 4 0",2,10000000
QA-SIM-068,Casual,22,"0 7 18","10 4 0",2,10000000
QA-SIM-068,Casual,23,"3 5 7","10 4 0",2,10000000
QA-SIM-068,Casual,24,"2 3 13","10 4 0",2,10000000
QA-SIM-068,Casual,25,"19 18 14","10 4 0",2,10000000
QA-SIM-068,Casual,26,"10 0 13","10 4 0",2,10000000
QA-SIM-068,Casual,27,"5 15 4","10 4 0",2,10000000
QA-SIM-068,Casual,28,"2 10 10","10 4 0",2,10000000
QA-SIM-068,Casual,29,"10 12 8","10 4 0",2,10000000
QA-SIM-068,Casual,30,"14 19 4","10 4 0",2,10000000
QA-SIM-068,Casual,31,"11 10 10","10 4 0",2,10000000
QA-SIM-068,Casual,32,"1 18 16","10 4 0",2,10000000
QA-SIM-068,Casual,33,"1 9 9","10 4 0",2,10000000
QA-SIM-068,Casual,34,"12 0 13","10 4 0",2,10000000
QA-SIM-068,Casual,35,"1 2 2","10 4 0",2,10000000
QA-SIM-069,Regular,0,"18 9 14","18 9 14",3,60
QA-SIM-069,Regular,1,"12 15 5","11 15 5",2,0
QA-SIM-069,Regular,2,"7 2 12","11 15 5",2,0
QA-SIM-069,Regular,3,"17 0 5","11 15 5",2,0
QA-SIM-069,Regular,4,"4 18 6","11 15 5",2,0
QA-SIM-069,Regular,5,"11 15 4","11 15 5",2,0
QA-SIM-069,Regular,6,"5 11 12","11 15 5",2,0
QA-SIM-069,Regular,7,"3 17 6","11 15 5",2,0
QA-SIM-069,Regular,8,"0 16 8","11 15 5",2,0
QA-SIM-069,Regular,9,"18 7 1","11 15 5",2,0
QA-SIM-069,Regular,10,"19 14 9","11 15 5",2,0
QA-SIM-069,Regular,11,"4 9 4","11 15 5",2,0
QA-SIM-069,Regular,12,"14 19 18","11 15 5",2,0
QA-SIM-069,Regular,13,"8 0 8","11 15 5",2,0
QA-SIM-069,Regular,14,"8 1 14","11 15 5",2,0
QA-SIM-069,Regular,15,"0 14 10","11 15 5",2,0
QA-SIM-069,Regular,16,"9 15 6","11 15 5",2,0
QA-SIM-069,Regular,17,"12 5 14","11 15 5",2,0
QA-SIM-069,Regular,18,"19 7 1","11 15 5",2,0
QA-SIM-069,Regular,19,"17 19 10","11 15 5",2,0
QA-SIM-069,Regular,20,"10 1 14","11 15 5",2,0
QA-SIM-069,Regular,21,"14 9 18","11 15 5",2,0
QA-SIM-069,Regular,22,"3 3 17","11 15 5",2,0
QA-SIM-069,Regular,23,"12 4 6","11 15 5",2,0
QA-SIM-069,Regular,24,"13 3 4","11 15 5",2,0
QA-SIM-069,Regular,25,"1 14 12","11 15 5",2,0
QA-SIM-069,Regular,26,"6 16 2","11 15 5",2,0
QA-SIM-069,Regular,27,"10 9 9","11 15 5",2,0
QA-SIM-069,Regular,28,"16 14 4","11 15 5",2,0
QA-SIM-069,Regular,29,"4 7 8","11 15 5",2,0
QA-SIM-069,Regular,30,"4 6 18","11 15 5",2,0
QA-SIM-069,Regular,31,"14 5 16","11 15 5",2,0
QA-SIM-069,Regular,32,"12 10 17","11 15 5",2,0
QA-SIM-069,Regular,33,"17 13 9","11 15 5",2,0
QA-SIM-069,Regular,34,"12 19 1","11 15 5",2,0
QA-SIM-069,Regular,35,"15 9 13","11 15 5",2,0
QA-SIM-070,Whale,0,"0 13 10","0 13 10",3,200
QA-SIM-070,Whale,1,"11 7 6","1 7 6",2,100000
QA-SIM-070,Whale,2,"18 6 3","1 7 6",2,100000
QA-SIM-070,Whale,3,"7 11 17","1 7 6",2,100000
QA-SIM-070,Whale,4,"16 3 9","1 7 6",2,100000
QA-SIM-070,Whale,5,"2 13 12","1 7 6",2,100000
QA-SIM-070,Whale,6,"3 6 18","1 7 6",2,100000
QA-SIM-070,Whale,7,"11 15 18","1 7 6",2,100000
QA-SIM-070,Whale,8,"17 4 18","1 7 6",2,100000
QA-SIM-070,Whale,9,"4 4 19","1 7 6",2,100000
QA-SIM-070,Whale,10,"11 19 13","1 7 6",2,100000
QA-SIM-070,Whale,11,"5 11 12","1 7 6",2,100000
QA-SIM-070,Whale,12,"7 1 8","1 7 6",2,100000
QA-SIM-070,Whale,13,"10 12 19","1 7 6",2,100000
QA-SIM-070,Whale,14,"18 14 14","1 7 6",2,100000
QA-SIM-070,Whale,15,"3 7 12","1 7 6",2,100000
QA-SIM-070,Whale,16,"9 3 16","1 7 6",2,100000
QA-SIM-070,Whale,17,"6 15 1","1 7 6",2,100000
QA-SIM-070,Whale,18,"8 5 6","1 7 6",2,100000
QA-SIM-070,Whale,19,"0 6 16","1 7 6",2,100000
QA-SIM-070,Whale,20,"1 13 7","1 7 6",2,100000
QA-SIM-070,Whale,21,"12 0 8","1 7 6",2,100000
QA-SIM-070,Whale,22,"10 1 3","1 7 6",2,100000
QA-SIM-070,Whale,23,"11 4 12","1 7 6",2,100000
QA-SIM-070,Whale,24,"9 10 0","1 7 6",2,100000
QA-SIM-070,Whale,25,"4 15 14","1 7 6",2,100000
QA-SIM-070,Whale,26,"9 6 0","1 7 6",2,100000
QA-SIM-070,Whale,27,"6 9 9","1 7 6",2,100000
QA-SIM-070,Whale,28,"15 6 1","1 7 6",2,100000
QA-SIM-070,Whale,29,"15 16 7","1 7 6",2,100000
QA-SIM-070,Whale,30,"6 12 4","1 7 6",2,100000
QA-SIM-070,Whale,31,"2 14 6","1 7 6",2,100000
QA-SIM-070,Whale,32,"18 1 11","1 7 6",2,100000
QA-SIM-070,Whale,33,"4 14 15","1 7 6",2,100000
QA-SIM-070,Whale,34,"12 7 16","1 7 6",2,100000
QA-SIM-070,Whale,35,"5 15 7","1 7 6",2,100000
QA-SIM-071,Curioso,0,"5 0 0","5 0 0",3,500
QA-SIM-071,Curioso,1,"9 16 6","9 16 19",2,0
QA-SIM-071,Curioso,2,"12 9 17","9 16 19",2,0
QA-SIM-071,Curioso,3,"1 3 15","9 16 19",2,0
QA-SIM-071,Curioso,4,"17 18 16","9 16 19",2,0
QA-SIM-071,Curioso,5,"15 9 1","9 16 19",2,0
QA-SIM-071,Curioso,6,"7 15 2","9 16 19",2,0
QA-SIM-071,Curioso,7,"9 17 16","9 16 19",2,0
QA-SIM-071,Curioso,8,"19 0 15","9 16 19",2,0
QA-SIM-071,Curioso,9,"2 12 15","9 16 19",2,0
QA-SIM-071,Curioso,10,"13 6 13","9 16 19",2,0
QA-SIM-071,Curioso,11,"16 11 8","9 16 19",2,0
QA-SIM-071,Curioso,12,"0 18 1","9 16 19",2,0
QA-SIM-071,Curioso,13,"3 15 7","9 16 19",2,0
QA-SIM-071,Curioso,14,"0 1 2","9 16 19",2,0
QA-SIM-071,Curioso,15,"4 4 1","9 16 19",2,0
QA-SIM-071,Curioso,16,"17 9 12","9 16 19",2,0
QA-SIM-071,Curioso,17,"16 1 3","9 16 19",2,0
QA-SIM-071,Curioso,18,"18 1 15","9 16 19",2,0
QA-SIM-071,Curioso,19,"15 15 2","9 16 19",2,0
QA-SIM-071,Curioso,20,"14 7 12","9 16 19",2,0
QA-SIM-071,Curioso,21,"14 17 2","9 16 19",2,0
QA-SIM-071,Curioso,22,"0 7 19","9 16 19",2,0
QA-SIM-071,Curioso,23,"19 14 13","9 16 19",2,0
QA-SIM-071,Curioso,24,"12 12 2","9 16 19",2,0
QA-SIM-071,Curioso,25,"14 16 15","9 16 19",2,0
QA-SIM-071,Curioso,26,"1 4 3","9 16 19",2,0
QA-SIM-071,Curioso,27,"9 4 17","9 16 19",2,0
QA-SIM-071,Curioso,28,"11 2 13","9 16 19",2,0
QA-SIM-071,Curioso,29,"1 6 17","9 16 19",2,0
QA-SIM-071,Curioso,30,"7 4 0","9 16 19",2,0
QA-SIM-071,Curioso,31,"8 18 16","9 16 19",2,0
QA-SIM-071,Curioso,32,"14 11 10","9 16 19",2,0
QA-SIM-071,Curioso,33,"16 6 13","9 16 19",2,0
QA-SIM-071,Curioso,34,"13 17 11","9 16 19",2,0
QA-SIM-071,Curioso,35,"16 4 12","9 16 19",2,0
QA-SIM-072,Casual,0,"3 2 4","3 2 4",3,200
QA-SIM-072,Casual,1,"5 19 15","5 19 8",2,1000000
QA-SIM-072,Casual,2,"7 2 16","5 19 8",2,1000000
QA-SIM-072,Casual,3,"15 1 12","5 19 8",2,1000000
QA-SIM-072,Casual,4,"1 3 19","5 19 8",2,1000000
QA-SIM-072,Casual,5,"19 4 9","5 19 8",2,1000000
QA-SIM-072,Casual,6,"18 1 8","5 19 8",2,1000000
QA-SIM-072,Casual,7,"13 0 16","5 19 8",2,1000000
QA-SIM-072,Casual,8,"10 10 13","5 19 8",2,1000000
QA-SIM-072,Casual,9,"10 8 4","5 19 8",2,1000000
QA-SIM-072,Casual,10,"11 19 17","5 19 8",2,1000000
QA-SIM-072,Casual,11,"4 5 3","5 19 8",2,1000000
QA-SIM-072,Casual,12,"8 4 1","5 19 8",2,1000000
QA-SIM-072,Casual,13,"10 7 2","5 19 8",2,1000000
QA-SIM-072,Casual,14,"15 0 18","5 19 8",2,1000000
QA-SIM-072,Casual,15,"17 17 9","5 19 8",2,1000000
QA-SIM-072,Casual,16,"10 18 14","5 19 8",2,1000000
QA-SIM-072,Casual,17,"5 17 5","5 19 8",2,1000000
QA-SIM-072,Casual,18,"16 19 2","5 19 8",2,1000000
QA-SIM-072,Casual,19,"2 6 12","5 19 8",2,1000000
QA-SIM-072,Casual,20,"18 7 7","5 19 8",2,1000000
QA-SIM-072,Casual,21,"15 10 5","5 19 8",2,1000000
QA-SIM-072,Casual,22,"3 14 2","5 19 8",2,1000000
QA-SIM-072,Casual,23,"12 7 13","5 19 8",2,1000000
QA-SIM-072,Casual,24,"4 4 19","5 19 8",2,1000000
QA-SIM-072,Casual,25,"11 5 6","5 19 8",2,1000000
QA-SIM-072,Casual,26,"16 16 4","5 19 8",2,1000000
QA-SIM-072,Casual,27,"15 11 5","5 19 8",2,1000000
QA-SIM-072,Casual,28,"12 15 0","5 19 8",2,1000000
QA-SIM-072,Casual,29,"1 0 15","5 19 8",2,1000000
QA-SIM-072,Casual,30,"16 5 9","5 19 8",2,1000000
QA-SIM-072,Casual,31,"2 4 4","5 19 8",2,1000000
QA-SIM-072,Casual,32,"9 3 18","5 19 8",2,1000000
QA-SIM-072,Casual,33,"17 10 8","5 19 8",2,1000000
QA-SIM-072,Casual,34,"9 14 18","5 19 8",2,1000000
QA-SIM-072,Casual,35,"19 18 17","5 19 8",2,1000000
QA-SIM-073,Regular,0,"19 7 17","19 7 17",3,200
QA-SIM-073,Regular,1,"18 5 19","18 5 16",2,1000000
QA-SIM-073,Regular,2,"5 6 4","18 5 16",2,1000000
QA-SIM-073,Regular,3,"7 1 8","18 5 16",2,1000000
QA-SIM-073,Regular,4,"0 0 10","18 5 16",2,1000000
QA-SIM-073,Regular,5,"15 0 8","18 5 16",2,1000000
QA-SIM-073,Regular,6,"19 7 3","18 5 16",2,1000000
QA-SIM-073,Regular,7,"7 6 4","18 5 16",2,1000000
QA-SIM-073,Regular,8,"19 1 17","18 5 16",2,1000000
QA-SIM-073,Regular,9,"18 3 10","18 5 16",2,1000000
QA-SIM-073,Regular,10,"3 18 18","18 5 16",2,1000000
QA-SIM-073,Regular,11,"6 6 5","18 5 16",2,1000000
QA-SIM-073,Regular,12,"7 16 8","18 5 16",2,1000000
QA-SIM-073,Regular,13,"12 19 13","18 5 16",2,1000000
QA-SIM-073,Regular,14,"4 1 3","18 5 16",2,1000000
QA-SIM-073,Regular,15,"19 3 4","18 5 16",2,1000000
QA-SIM-073,Regular,16,"14 6 12","18 5 16",2,1000000
QA-SIM-073,Regular,17,"17 13 14","18 5 16",2,1000000
QA-SIM-073,Regular,18,"17 2 10","18 5 16",2,1000000
QA-SIM-073,Regular,19,"16 10 0","18 5 16",2,1000000
QA-SIM-073,Regular,20,"4 8 7","18 5 16",2,1000000
QA-SIM-073,Regular,21,"11 8 1","18 5 16",2,1000000
QA-SIM-073,Regular,22,"18 16 7","18 5 16",2,1000000
QA-SIM-073,Regular,23,"16 4 18","18 5 16",2,1000000
QA-SIM-073,Regular,24,"6 3 1","18 5 16",2,1000000
QA-SIM-073,Regular,25,"1 16 12","18 5 16",2,1000000
QA-SIM-073,Regular,26,"11 8 0","18 5 16",2,1000000
QA-SIM-073,Regular,27,"17 14 19","18 5 16",2,1000000
QA-SIM-073,Regular,28,"8 9 12","18 5 16",2,1000000
QA-SIM-073,Regular,29,"19 14 14","18 5 16",2,1000000
QA-SIM-073,Regular,30,"7 8 8","18 5 16",2,1000000
QA-SIM-073,Regular,31,"14 7 17","18 5 16",2,1000000
QA-SIM-073,Regular,32,"17 12 10","18 5 16",2,1000000
QA-SIM-073,Regular,33,"2 8 14","18 5 16",2,1000000
QA-SIM-073,Regular,34,"10 6 9","18 5 16",2,1000000
QA-SIM-073,Regular,35,"2 9 9","18 5 16",2,1000000
QA-SIM-074,Whale,0,"4 18 0","4 18 0",3,60
QA-SIM-074,Whale,1,"2 17 1","11 3 1",1,5000000
QA-SIM-074,Whale,2,"5 19 7","11 3 1",1,5000000
QA-SIM-074,Whale,3,"11 17 16","11 3 1",1,5000000
QA-SIM-074,Whale,4,"14 7 5","11 3 1",1,5000000
QA-SIM-074,Whale,5,"1 2 11","11 3 1",1,5000000
QA-SIM-074,Whale,6,"13 16 18","11 3 1",1,5000000
QA-SIM-074,Whale,7,"7 19 15","11 3 1",1,5000000
QA-SIM-074,Whale,8,"5 4 8","11 3 1",1,5000000
QA-SIM-074,Whale,9,"2 6 4","11 3 1",1,5000000
QA-SIM-074,Whale,10,"7 2 18","11 3 1",1,5000000
QA-SIM-074,Whale,11,"8 15 9","11 3 1",1,5000000
QA-SIM-074,Whale,12,"14 8 2","11 3 1",1,5000000
QA-SIM-074,Whale,13,"17 9 2","11 3 1",1,5000000
QA-SIM-074,Whale,14,"6 14 11","11 3 1",1,5000000
QA-SIM-074,Whale,15,"14 2 13","11 3 1",1,5000000
QA-SIM-074,Whale,16,"14 12 9","11 3 1",1,5000000
QA-SIM-074,Whale,17,"4 1 0","11 3 1",1,5000000
QA-SIM-074,Whale,18,"5 18 9","11 3 1",1,5000000
QA-SIM-074,Whale,19,"7 8 16","11 3 1",1,5000000
QA-SIM-074,Whale,20,"2 5 18","11 3 1",1,5000000
QA-SIM-074,Whale,21,"8 18 0","11 3 1",1,5000000
QA-SIM-074,Whale,22,"15 3 1","11 3 1",1,5000000
QA-SIM-074,Whale,23,"15 16 13","11 3 1",1,5000000
QA-SIM-074,Whale,24,"5 13 8","11 3 1",1,5000000
QA-SIM-074,Whale,25,"19 3 6","11 3 1",1,5000000
QA-SIM-074,Whale,26,"17 3 5","11 3 1",1,5000000
QA-SIM-074,Whale,27,"3 14 13","11 3 1",1,5000000
QA-SIM-074,Whale,28,"13 4 7","11 3 1",1,5000000
QA-SIM-074,Whale,29,"16 10 19","11 3 1",1,5000000
QA-SIM-074,Whale,30,"15 0 6","11 3 1",1,5000000
QA-SIM-074,Whale,31,"4 8 10","11 3 1",1,5000000
QA-SIM-074,Whale,32,"2 13 15","11 3 1",1,5000000
QA-SIM-074,Whale,33,"14 6 6","11 3 1",1,5000000
QA-SIM-074,Whale,34,"14 16 6","11 3 1",1,5000000
QA-SIM-074,Whale,35,"14 17 9","11 3 1",1,5000000
QA-SIM-075,Curioso,0,"8 17 15","8 17 15",3,200
QA-SIM-075,Curioso,1,"16 2 3","9 2 3",2,1000000
QA-SIM-075,Curioso,2,"16 12 17","9 2 3",2,1000000
QA-SIM-075,Curioso,3,"10 17 7","9 2 3",2,1000000
QA-SIM-075,Curioso,4,"8 2 15","9 2 3",2,1000000
QA-SIM-075,Curioso,5,"6 3 16","9 2 3",2,1000000
QA-SIM-075,Curioso,6,"11 9 10","9 2 3",2,1000000
QA-SIM-075,Curioso,7,"16 17 1","9 2 3",2,1000000
QA-SIM-075,Curioso,8,"4 6 7","9 2 3",2,1000000
QA-SIM-075,Curioso,9,"14 16 2","9 2 3",2,1000000
QA-SIM-075,Curioso,10,"14 2 0","9 2 3",2,1000000
QA-SIM-075,Curioso,11,"4 11 15","9 2 3",2,1000000
QA-SIM-075,Curioso,12,"1 9 3","9 2 3",2,1000000
QA-SIM-075,Curioso,13,"18 12 13","9 2 3",2,1000000
QA-SIM-075,Curioso,14,"11 2 15","9 2 3",2,1000000
QA-SIM-075,Curioso,15,"15 8 16","9 2 3",2,1000000
QA-SIM-075,Curioso,16,"14 4 13","9 2 3",2,1000000
QA-SIM-075,Curioso,17,"17 4 16","9 2 3",2,1000000
QA-SIM-075,Curioso,18,"10 12 13","9 2 3",2,1000000
QA-SIM-075,Curioso,19,"16 17 1","9 2 3",2,1000000
QA-SIM-075,Curioso,20,"18 19 9","9 2 3",2,1000000
QA-SIM-075,Curioso,21,"11 7 11","9 2 3",2,1000000
QA-SIM-075,Curioso,22,"8 6 10","9 2 3",2,1000000
QA-SIM-075,Curioso,23,"5 9 19","9 2 3",2,1000000
QA-SIM-075,Curioso,24,"17 3 12","9 2 3",2,1000000
QA-SIM-075,Curioso,25,"13 12 9","9 2 3",2,1000000
QA-SIM-075,Curioso,26,"10 10 3","9 2 3",2,1000000
QA-SIM-075,Curioso,27,"9 19 0","9 2 3",2,1000000
QA-SIM-075,Curioso,28,"9 7 7","9 2 3",2,1000000
QA-SIM-075,Curioso,29,"0 18 0","9 2 3",2,1000000
QA-SIM-075,Curioso,30,"2 18 0","9 2 3",2,1000000
QA-SIM-075,Curioso,31,"1 5 13","9 2 3",2,1000000
QA-SIM-075,Curioso,32,"19 14 18","9 2 3",2,1000000
QA-SIM-075,Curioso,33,"17 2 8","9 2 3",2,1000000
QA-SIM-075,Curioso,34,"8 14 3","9 2 3",2,1000000
QA-SIM-075,Curioso,35,"16 3 1","9 2 3",2,1000000
QA-SIM-076,Casual,0,"2 4 9","2 4 9",3,60
QA-SIM-076,Casual,1,"0 16 1","0 13 1",2,0
QA-SIM-076,Casual,2,"16 5 19","0 13 1",2,0
QA-SIM-076,Casual,3,"13 19 8","0 13 1",2,0
QA-SIM-076,Casual,4,"16 18 13","0 13 1",2,0
QA-SIM-076,Casual,5,"2 16 1","0 13 1",2,0
QA-SIM-076,Casual,6,"15 19 9","0 13 1",2,0
QA-SIM-076,Casual,7,"3 15 10","0 13 1",2,0
QA-SIM-076,Casual,8,"4 10 14","0 13 1",2,0
QA-SIM-076,Casual,9,"19 8 2","0 13 1",2,0
QA-SIM-076,Casual,10,"16 16 5","0 13 1",2,0
QA-SIM-076,Casual,11,"13 3 7","0 13 1",2,0
QA-SIM-076,Casual,12,"3 13 12","0 13 1",2,0
QA-SIM-076,Casual,13,"13 12 17","0 13 1",2,0
QA-SIM-076,Casual,14,"19 18 3","0 13 1",2,0
QA-SIM-076,Casual,15,"0 7 14","0 13 1",2,0
QA-SIM-076,Casual,16,"4 13 10","0 13 1",2,0
QA-SIM-076,Casual,17,"17 0 5","0 13 1",2,0
QA-SIM-076,Casual,18,"18 14 14","0 13 1",2,0
QA-SIM-076,Casual,19,"0 14 12","0 13 1",2,0
QA-SIM-076,Casual,20,"0 17 6","0 13 1",2,0
QA-SIM-076,Casual,21,"8 2 4","0 13 1",2,0
QA-SIM-076,Casual,22,"16 2 17","0 13 1",2,0
QA-SIM-076,Casual,23,"10 11 8","0 13 1",2,0
QA-SIM-076,Casual,24,"7 0 12","0 13 1",2,0
QA-SIM-076,Casual,25,"6 17 8","0 13 1",2,0
QA-SIM-076,Casual,26,"12 16 9","0 13 1",2,0
QA-SIM-076,Casual,27,"6 11 14","0 13 1",2,0
QA-SIM-076,Casual,28,"12 15 14","0 13 1",2,0
QA-SIM-076,Casual,29,"14 18 7","0 13 1",2,0
QA-SIM-076,Casual,30,"11 19 19","0 13 1",2,0
QA-SIM-076,Casual,31,"12 15 18","0 13 1",2,0
QA-SIM-076,Casual,32,"9 14 12","0 13 1",2,0
QA-SIM-076,Casual,33,"5 0 14","0 13 1",2,0
QA-SIM-076,Casual,34,"0 18 15","0 13 1",2,0
QA-SIM-076,Casual,35,"16 18 6","0 13 1",2,0
QA-SIM-077,Regular,0,"3 4 9","3 4 9",3,60
QA-SIM-077,Regular,1,"15 11 2","10 11 2",2,500000
QA-SIM-077,Regular,2,"18 10 16","10 11 2",2,500000
QA-SIM-077,Regular,3,"18 1 1","10 11 2",2,500000
QA-SIM-077,Regular,4,"17 6 18","10 11 2",2,500000
QA-SIM-077,Regular,5,"2 12 15","10 11 2",2,500000
QA-SIM-077,Regular,6,"17 7 19","10 11 2",2,500000
QA-SIM-077,Regular,7,"0 9 9","10 11 2",2,500000
QA-SIM-077,Regular,8,"18 13 13","10 11 2",2,500000
QA-SIM-077,Regular,9,"9 4 19","10 11 2",2,500000
QA-SIM-077,Regular,10,"4 14 2","10 11 2",2,500000
QA-SIM-077,Regular,11,"14 13 10","10 11 2",2,500000
QA-SIM-077,Regular,12,"13 5 18","10 11 2",2,500000
QA-SIM-077,Regular,13,"15 8 19","10 11 2",2,500000
QA-SIM-077,Regular,14,"15 16 17","10 11 2",2,500000
QA-SIM-077,Regular,15,"12 14 0","10 11 2",2,500000
QA-SIM-077,Regular,16,"15 16 3","10 11 2",2,500000
QA-SIM-077,Regular,17,"0 12 7","10 11 2",2,500000
QA-SIM-077,Regular,18,"19 19 17","10 11 2",2,500000
QA-SIM-077,Regular,19,"16 18 15","10 11 2",2,500000
QA-SIM-077,Regular,20,"11 17 18","10 11 2",2,500000
QA-SIM-077,Regular,21,"17 18 1","10 11 2",2,500000
QA-SIM-077,Regular,22,"14 5 16","10 11 2",2,500000
QA-SIM-077,Regular,23,"7 3 1","10 11 2",2,500000
QA-SIM-077,Regular,24,"17 15 19","10 11 2",2,500000
QA-SIM-077,Regular,25,"17 17 14","10 11 2",2,500000
QA-SIM-077,Regular,26,"16 3 9","10 11 2",2,500000
QA-SIM-077,Regular,27,"4 13 19","10 11 2",2,500000
QA-SIM-077,Regular,28,"11 10 9","10 11 2",2,500000
QA-SIM-077,Regular,29,"4 18 18","10 11 2",2,500000
QA-SIM-077,Regular,30,"13 12 14","10 11 2",2,500000
QA-SIM-077,Regular,31,"15 11 4","10 11 2",2,500000
QA-SIM-077,Regular,32,"3 3 2","10 11 2",2,500000
QA-SIM-077,Regular,33,"19 10 19","10 11 2",2,500000
QA-SIM-077,Regular,34,"12 10 0","10 11 2",2,500000
QA-SIM-077,Regular,35,"12 16 11","10 11 2",2,500000
QA-SIM-078,Whale,0,"6 4 9","6 4 9",3,500
QA-SIM-078,Whale,1,"11 9 12","11 9 15",2,0
QA-SIM-078,Whale,2,"15 10 5","11 9 15",2,0
QA-SIM-078,Whale,3,"11 16 9","11 9 15",2,0
QA-SIM-078,Whale,4,"17 11 5","11 9 15",2,0
QA-SIM-078,Whale,5,"13 19 5","11 9 15",2,0
QA-SIM-078,Whale,6,"0 15 18","11 9 15",2,0
QA-SIM-078,Whale,7,"6 11 3","11 9 15",2,0
QA-SIM-078,Whale,8,"7 17 1","11 9 15",2,0
QA-SIM-078,Whale,9,"12 1 16","11 9 15",2,0
QA-SIM-078,Whale,10,"13 12 3","11 9 15",2,0
QA-SIM-078,Whale,11,"1 12 15","11 9 15",2,0
QA-SIM-078,Whale,12,"9 15 16","11 9 15",2,0
QA-SIM-078,Whale,13,"4 13 8","11 9 15",2,0
QA-SIM-078,Whale,14,"2 10 7","11 9 15",2,0
QA-SIM-078,Whale,15,"9 17 13","11 9 15",2,0
QA-SIM-078,Whale,16,"9 18 9","11 9 15",2,0
QA-SIM-078,Whale,17,"14 14 19","11 9 15",2,0
QA-SIM-078,Whale,18,"6 6 10","11 9 15",2,0
QA-SIM-078,Whale,19,"10 1 15","11 9 15",2,0
QA-SIM-078,Whale,20,"6 15 2","11 9 15",2,0
QA-SIM-078,Whale,21,"12 19 13","11 9 15",2,0
QA-SIM-078,Whale,22,"8 14 2","11 9 15",2,0
QA-SIM-078,Whale,23,"3 2 10","11 9 15",2,0
QA-SIM-078,Whale,24,"1 15 19","11 9 15",2,0
QA-SIM-078,Whale,25,"10 16 13","11 9 15",2,0
QA-SIM-078,Whale,26,"15 3 4","11 9 15",2,0
QA-SIM-078,Whale,27,"14 0 17","11 9 15",2,0
QA-SIM-078,Whale,28,"6 16 3","11 9 15",2,0
QA-SIM-078,Whale,29,"16 6 12","11 9 15",2,0
QA-SIM-078,Whale,30,"19 11 15","11 9 15",2,0
QA-SIM-078,Whale,31,"14 14 18","11 9 15",2,0
QA-SIM-078,Whale,32,"1 2 4","11 9 15",2,0
QA-SIM-078,Whale,33,"0 7 3","11 9 15",2,0
QA-SIM-078,Whale,34,"8 2 8","11 9 15",2,0
QA-SIM-078,Whale,35,"4 18 16","11 9 15",2,0
QA-SIM-079,Curioso,0,"15 9 8","15 9 8",3,500
QA-SIM-079,Curioso,1,"15 12 18","15 12 19",2,100000
QA-SIM-079,Curioso,2,"6 2 7","15 12 19",2,100000
QA-SIM-079,Curioso,3,"10 16 15","15 12 19",2,100000
QA-SIM-079,Curioso,4,"16 7 5","15 12 19",2,100000
QA-SIM-079,Curioso,5,"2 6 14","15 12 19",2,100000
QA-SIM-079,Curioso,6,"8 2 18","15 12 19",2,100000
QA-SIM-079,Curioso,7,"13 0 11","15 12 19",2,100000
QA-SIM-079,Curioso,8,"7 11 12","15 12 19",2,100000
QA-SIM-079,Curioso,9,"18 3 16","15 12 19",2,100000
QA-SIM-079,Curioso,10,"8 0 5","15 12 19",2,100000
QA-SIM-079,Curioso,11,"18 12 10","15 12 19",2,100000
QA-SIM-079,Curioso,12,"16 8 18","15 12 19",2,100000
QA-SIM-079,Curioso,13,"2 2 16","15 12 19",2,100000
QA-SIM-079,Curioso,14,"18 14 19","15 12 19",2,100000
QA-SIM-079,Curioso,15,"15 12 4","15 12 19",2,100000
QA-SIM-079,Curioso,16,"11 12 5","15 12 19",2,100000
QA-SIM-079,Curioso,17,"9 0 2","15 12 19",2,100000
QA-SIM-079,Curioso,18,"6 1 6","15 12 19",2,100000
QA-SIM-079,Curioso,19,"0 19 10","15 12 19",2,100000
QA-SIM-079,Curioso,20,"17 12 13","15 12 19",2,100000
QA-SIM-079,Curioso,21,"17 0 11","15 12 19",2,100000
QA-SIM-079,Curioso,22,"13 9 5","15 12 19",2,100000
QA-SIM-079,Curioso,23,"8 0 17","15 12 19",2,100000
QA-SIM-079,Curioso,24,"14 9 4","15 12 19",2,100000
QA-SIM-079,Curioso,25,"7 2 2","15 12 19",2,100000
QA-SIM-079,Curioso,26,"19 13 18","15 12 19",2,100000
QA-SIM-079,Curioso,27,"4 2 11","15 12 19",2,100000
QA-SIM-079,Curioso,28,"18 11 16","15 12 19",2,100000
QA-SIM-079,Curioso,29,"6 7 17","15 12 19",2,100000
QA-SIM-079,Curioso,30,"17 2 19","15 12 19",2,100000
QA-SIM-079,Curioso,31,"6 0 12","15 12 19",2,100000
QA-SIM-079,Curioso,32,"2 19 16","15 12 19",2,100000
QA-SIM-079,Curioso,33,"1 16 17","15 12 19",2,100000
QA-SIM-079,Curioso,34,"0 18 3","15 12 19",2,100000
QA-SIM-079,Curioso,35,"7 3 19","15 12 19",2,100000
QA-SIM-080,Casual,0,"10 9 4","10 9 4",3,60
QA-SIM-080,Casual,1,"0 0 0","2 0 9",1,10000
QA-SIM-080,Casual,2,"5 18 6","2 0 9",1,10000
QA-SIM-080,Casual,3,"2 7 17","2 0 9",1,10000
QA-SIM-080,Casual,4,"15 15 16","2 0 9",1,10000
QA-SIM-080,Casual,5,"12 8 13","2 0 9",1,10000
QA-SIM-080,Casual,6,"19 15 16","2 0 9",1,10000
QA-SIM-080,Casual,7,"7 10 16","2 0 9",1,10000
QA-SIM-080,Casual,8,"16 5 4","2 0 9",1,10000
QA-SIM-080,Casual,9,"9 10 18","2 0 9",1,10000
QA-SIM-080,Casual,10,"19 10 3","2 0 9",1,10000
QA-SIM-080,Casual,11,"14 18 9","2 0 9",1,10000
QA-SIM-080,Casual,12,"9 3 3","2 0 9",1,10000
QA-SIM-080,Casual,13,"7 5 13","2 0 9",1,10000
QA-SIM-080,Casual,14,"17 16 10","2 0 9",1,10000
QA-SIM-080,Casual,15,"13 13 14","2 0 9",1,10000
QA-SIM-080,Casual,16,"17 3 8","2 0 9",1,10000
QA-SIM-080,Casual,17,"8 19 7","2 0 9",1,10000
QA-SIM-080,Casual,18,"14 4 0","2 0 9",1,10000
QA-SIM-080,Casual,19,"2 4 15","2 0 9",1,10000
QA-SIM-080,Casual,20,"2 19 0","2 0 9",1,10000
QA-SIM-080,Casual,21,"4 10 11","2 0 9",1,10000
QA-SIM-080,Casual,22,"19 3 1","2 0 9",1,10000
QA-SIM-080,Casual,23,"0 3 0","2 0 9",1,10000
QA-SIM-080,Casual,24,"0 1 0","2 0 9",1,10000
QA-SIM-080,Casual,25,"5 6 1","2 0 9",1,10000
QA-SIM-080,Casual,26,"3 6 15","2 0 9",1,10000
QA-SIM-080,Casual,27,"19 6 19","2 0 9",1,10000
QA-SIM-080,Casual,28,"2 6 15","2 0 9",1,10000
QA-SIM-080,Casual,29,"16 15 9","2 0 9",1,10000
QA-SIM-080,Casual,30,"9 7 0","2 0 9",1,10000
QA-SIM-080,Casual,31,"14 12 14","2 0 9",1,10000
QA-SIM-080,Casual,32,"11 17 11","2 0 9",1,10000
QA-SIM-080,Casual,33,"4 2 17","2 0 9",1,10000
QA-SIM-080,Casual,34,"11 3 13","2 0 9",1,10000
QA-SIM-080,Casual,35,"6 9 4","2 0 9",1,10000
QA-SIM-081,Regular,0,"4 5 18","4 5 18",3,60
QA-SIM-081,Regular,1,"18 6 3","18 15 3",2,0
QA-SIM-081,Regular,2,"2 7 9","18 15 3",2,0
QA-SIM-081,Regular,3,"19 6 11","18 15 3",2,0
QA-SIM-081,Regular,4,"7 14 2","18 15 3",2,0
QA-SIM-081,Regular,5,"14 15 16","18 15 3",2,0
QA-SIM-081,Regular,6,"7 1 14","18 15 3",2,0
QA-SIM-081,Regular,7,"2 17 13","18 15 3",2,0
QA-SIM-081,Regular,8,"17 18 18","18 15 3",2,0
QA-SIM-081,Regular,9,"10 6 1","18 15 3",2,0
QA-SIM-081,Regular,10,"16 17 4","18 15 3",2,0
QA-SIM-081,Regular,11,"1 8 19","18 15 3",2,0
QA-SIM-081,Regular,12,"0 1 0","18 15 3",2,0
QA-SIM-081,Regular,13,"15 9 0","18 15 3",2,0
QA-SIM-081,Regular,14,"3 11 12","18 15 3",2,0
QA-SIM-081,Regular,15,"0 9 18","18 15 3",2,0
QA-SIM-081,Regular,16,"7 3 19","18 15 3",2,0
QA-SIM-081,Regular,17,"1 1 14","18 15 3",2,0
QA-SIM-081,Regular,18,"17 4 16","18 15 3",2,0
QA-SIM-081,Regular,19,"0 2 0","18 15 3",2,0
QA-SIM-081,Regular,20,"18 18 8","18 15 3",2,0
QA-SIM-081,Regular,21,"19 18 16","18 15 3",2,0
QA-SIM-081,Regular,22,"17 1 9","18 15 3",2,0
QA-SIM-081,Regular,23,"2 14 2","18 15 3",2,0
QA-SIM-081,Regular,24,"11 4 4","18 15 3",2,0
QA-SIM-081,Regular,25,"7 13 16","18 15 3",2,0
QA-SIM-081,Regular,26,"10 1 0","18 15 3",2,0
QA-SIM-081,Regular,27,"7 16 18","18 15 3",2,0
QA-SIM-081,Regular,28,"19 19 12","18 15 3",2,0
QA-SIM-081,Regular,29,"17 14 1","18 15 3",2,0
QA-SIM-081,Regular,30,"18 2 6","18 15 3",2,0
QA-SIM-081,Regular,31,"12 3 14","18 15 3",2,0
QA-SIM-081,Regular,32,"11 3 8","18 15 3",2,0
QA-SIM-081,Regular,33,"14 1 10","18 15 3",2,0
QA-SIM-081,Regular,34,"5 19 10","18 15 3",2,0
QA-SIM-081,Regular,35,"12 9 15","18 15 3",2,0
QA-SIM-082,Whale,0,"13 3 18","13 3 18",3,200
QA-SIM-082,Whale,1,"1 4 6","8 19 14",0,5000
QA-SIM-082,Whale,2,"4 8 19","4 11 0",1,1000
QA-SIM-082,Whale,3,"8 9 11","4 11 0",1,1000
QA-SIM-082,Whale,4,"0 9 4","4 11 0",1,1000
QA-SIM-082,Whale,5,"11 11 14","4 11 0",1,1000
QA-SIM-082,Whale,6,"12 17 3","4 11 0",1,1000
QA-SIM-082,Whale,7,"7 5 10","4 11 0",1,1000
QA-SIM-082,Whale,8,"13 4 10","4 11 0",1,1000
QA-SIM-082,Whale,9,"16 9 15","4 11 0",1,1000
QA-SIM-082,Whale,10,"14 14 16","4 11 0",1,1000
QA-SIM-082,Whale,11,"13 1 10","4 11 0",1,1000
QA-SIM-082,Whale,12,"7 1 0","4 11 0",1,1000
QA-SIM-082,Whale,13,"8 8 17","4 11 0",1,1000
QA-SIM-082,Whale,14,"9 3 3","4 11 0",1,1000
QA-SIM-082,Whale,15,"19 12 14","4 11 0",1,1000
QA-SIM-082,Whale,16,"15 18 18","4 11 0",1,1000
QA-SIM-082,Whale,17,"4 1 16","4 11 0",1,1000
QA-SIM-082,Whale,18,"6 1 11","4 11 0",1,1000
QA-SIM-082,Whale,19,"2 8 14","4 11 0",1,1000
QA-SIM-082,Whale,20,"12 14 15","4 11 0",1,1000
QA-SIM-082,Whale,21,"5 11 18","4 11 0",1,1000
QA-SIM-082,Whale,22,"13 7 6","4 11 0",1,1000
QA-SIM-082,Whale,23,"7 2 3","4 11 0",1,1000
QA-SIM-082,Whale,24,"16 12 7","4 11 0",1,1000
QA-SIM-082,Whale,25,"11 5 9","4 11 0",1,1000
QA-SIM-082,Whale,26,"16 18 13","4 11 0",1,1000
QA-SIM-082,Whale,27,"10 6 7","4 11 0",1,1000
QA-SIM-082,Whale,28,"9 13 1","4 11 0",1,1000
QA-SIM-082,Whale,29,"3 3 2","4 11 0",1,1000
QA-SIM-082,Whale,30,"13 14 17","4 11 0",1,1000
QA-SIM-082,Whale,31,"9 15 10","4 11 0",1,1000
QA-SIM-082,Whale,32,"4 19 18","4 11 0",1,1000
QA-SIM-082,Whale,33,"11 6 0","4 11 0",1,1000
QA-SIM-082,Whale,34,"14 16 12","4 11 0",1,1000
QA-SIM-082,Whale,35,"12 7 19","4 11 0",1,1000
QA-SIM-083,Curioso,0,"6 8 13","6 8 13",3,200
QA-SIM-083,Curioso,1,"5 4 19","10 4 19",2,5000
QA-SIM-083,Curioso,2,"9 11 18","10 4 19",2,5000
QA-SIM-083,Curioso,3,"6 3 9","10 4 19",2,5000
QA-SIM-083,Curioso,4,"2 16 16","10 4 19",2,5000
QA-SIM-083,Curioso,5,"17 4 5","10 4 19",2,5000
QA-SIM-083,Curioso,6,"14 4 11","10 4 19",2,5000
QA-SIM-083,Curioso,7,"12 2 1","10 4 19",2,5000
QA-SIM-083,Curioso,8,"8 18 9","10 4 19",2,5000
QA-SIM-083,Curioso,9,"11 8 1","10 4 19",2,5000
QA-SIM-083,Curioso,10,"18 10 8","10 4 19",2,5000
QA-SIM-083,Curioso,11,"7 13 15","10 4 19",2,5000
QA-SIM-083,Curioso,12,"12 2 1","10 4 19",2,5000
QA-SIM-083,Curioso,13,"6 11 10","10 4 19",2,5000
QA-SIM-083,Curioso,14,"1 12 11","10 4 19",2,5000
QA-SIM-083,Curioso,15,"8 16 12","10 4 19",2,5000
QA-SIM-083,Curioso,16,"7 3 16","10 4 19",2,5000
QA-SIM-083,Curioso,17,"12 15 11","10 4 19",2,5000
QA-SIM-083,Curioso,18,"13 0 2","10 4 19",2,5000
QA-SIM-083,Curioso,19,"3 6 18","10 4 19",2,5000
QA-SIM-083,Curioso,20,"17 17 8","10 4 19",2,5000
QA-SIM-083,Curioso,21,"3 14 17","10 4 19",2,5000
QA-SIM-083,Curioso,22,"8 9 18","10 4 19",2,5000
QA-SIM-083,Curioso,23,"19 13 14","10 4 19",2,5000
QA-SIM-083,Curioso,24,"5 12 18","10 4 19",2,5000
QA-SIM-083,Curioso,25,"17 15 2","10 4 19",2,5000
QA-SIM-083,Curioso,26,"19 7 15","10 4 19",2,5000
QA-SIM-083,Curioso,27,"18 13 14","10 4 19",2,5000
QA-SIM-083,Curioso,28,"14 3 18","10 4 19",2,5000
QA-SIM-083,Curioso,29,"19 9 0","10 4 19",2,5000
QA-SIM-083,Curioso,30,"3 3 14","10 4 19",2,5000
QA-SIM-083,Curioso,31,"4 14 2","10 4 19",2,5000
QA-SIM-083,Curioso,32,"12 11 6","10 4 19",2,5000
QA-SIM-083,Curioso,33,"10 6 4","10 4 19",2,5000
QA-SIM-083,Curioso,34,"19 19 19","10 4 19",2,5000
QA-SIM-083,Curioso,35,"17 8 17","10 4 19",2,5000
QA-SIM-084,Casual,0,"7 15 14","7 15 14",3,200
QA-SIM-084,Casual,1,"6 10 8","6 7 8",2,1000
QA-SIM-084,Casual,2,"5 0 19","6 7 8",2,1000
QA-SIM-084,Casual,3,"7 1 14","6 7 8",2,1000
QA-SIM-084,Casual,4,"13 4 12","6 7 8",2,1000
QA-SIM-084,Casual,5,"17 19 12","6 7 8",2,1000
QA-SIM-084,Casual,6,"5 13 6","6 7 8",2,1000
QA-SIM-084,Casual,7,"14 3 13","6 7 8",2,1000
QA-SIM-084,Casual,8,"15 5 13","6 7 8",2,1000
QA-SIM-084,Casual,9,"0 19 7","6 7 8",2,1000
QA-SIM-084,Casual,10,"19 4 17","6 7 8",2,1000
QA-SIM-084,Casual,11,"0 0 4","6 7 8",2,1000
QA-SIM-084,Casual,12,"3 10 16","6 7 8",2,1000
QA-SIM-084,Casual,13,"4 3 15","6 7 8",2,1000
QA-SIM-084,Casual,14,"4 3 16","6 7 8",2,1000
QA-SIM-084,Casual,15,"3 13 5","6 7 8",2,1000
QA-SIM-084,Casual,16,"12 15 1","6 7 8",2,1000
QA-SIM-084,Casual,17,"12 4 3","6 7 8",2,1000
QA-SIM-084,Casual,18,"17 8 6","6 7 8",2,1000
QA-SIM-084,Casual,19,"5 4 16","6 7 8",2,1000
QA-SIM-084,Casual,20,"11 7 9","6 7 8",2,1000
QA-SIM-084,Casual,21,"5 9 0","6 7 8",2,1000
QA-SIM-084,Casual,22,"13 3 4","6 7 8",2,1000
QA-SIM-084,Casual,23,"7 7 18","6 7 8",2,1000
QA-SIM-084,Casual,24,"7 3 17","6 7 8",2,1000
QA-SIM-084,Casual,25,"14 1 5","6 7 8",2,1000
QA-SIM-084,Casual,26,"5 8 3","6 7 8",2,1000
QA-SIM-084,Casual,27,"3 2 16","6 7 8",2,1000
QA-SIM-084,Casual,28,"12 18 13","6 7 8",2,1000
QA-SIM-084,Casual,29,"17 18 17","6 7 8",2,1000
QA-SIM-084,Casual,30,"1 18 11","6 7 8",2,1000
QA-SIM-084,Casual,31,"8 15 1","6 7 8",2,1000
QA-SIM-084,Casual,32,"5 16 5","6 7 8",2,1000
QA-SIM-084,Casual,33,"6 3 2","6 7 8",2,1000
QA-SIM-084,Casual,34,"9 11 0","6 7 8",2,1000
QA-SIM-084,Casual,35,"12 2 14","6 7 8",2,1000
QA-SIM-085,Regular,0,"7 19 15","7 19 15",3,500
QA-SIM-085,Regular,1,"16 0 4","11 10 2",0,5000000
QA-SIM-085,Regular,2,"14 15 19","8 15 1",1,10000
QA-SIM-085,Regular,3,"10 4 13","8 15 1",1,10000
QA-SIM-085,Regular,4,"4 18 6","8 15 1",1,10000
QA-SIM-085,Regular,5,"17 0 7","8 15 1",1,10000
QA-SIM-085,Regular,6,"18 16 17","8 15 1",1,10000
QA-SIM-085,Regular,7,"0 7 5","8 15 1",1,10000
QA-SIM-085,Regular,8,"3 18 16","8 15 1",1,10000
QA-SIM-085,Regular,9,"18 15 7","8 15 1",1,10000
QA-SIM-085,Regular,10,"19 9 7","8 15 1",1,10000
QA-SIM-085,Regular,11,"19 9 11","8 15 1",1,10000
QA-SIM-085,Regular,12,"19 11 13","8 15 1",1,10000
QA-SIM-085,Regular,13,"4 16 14","8 15 1",1,10000
QA-SIM-085,Regular,14,"2 0 10","8 15 1",1,10000
QA-SIM-085,Regular,15,"6 10 17","8 15 1",1,10000
QA-SIM-085,Regular,16,"3 9 2","8 15 1",1,10000
QA-SIM-085,Regular,17,"17 6 10","8 15 1",1,10000
QA-SIM-085,Regular,18,"1 16 3","8 15 1",1,10000
QA-SIM-085,Regular,19,"14 17 3","8 15 1",1,10000
QA-SIM-085,Regular,20,"7 9 11","8 15 1",1,10000
QA-SIM-085,Regular,21,"14 17 7","8 15 1",1,10000
QA-SIM-085,Regular,22,"10 10 10","8 15 1",1,10000
QA-SIM-085,Regular,23,"7 16 14","8 15 1",1,10000
QA-SIM-085,Regular,24,"14 18 1","8 15 1",1,10000
QA-SIM-085,Regular,25,"15 17 2","8 15 1",1,10000
QA-SIM-085,Regular,26,"14 10 0","8 15 1",1,10000
QA-SIM-085,Regular,27,"4 17 6","8 15 1",1,10000
QA-SIM-085,Regular,28,"17 7 8","8 15 1",1,10000
QA-SIM-085,Regular,29,"12 16 14","8 15 1",1,10000
QA-SIM-085,Regular,30,"2 10 16","8 15 1",1,10000
QA-SIM-085,Regular,31,"10 15 15","8 15 1",1,10000
QA-SIM-085,Regular,32,"12 10 4","8 15 1",1,10000
QA-SIM-085,Regular,33,"18 2 19","8 15 1",1,10000
QA-SIM-085,Regular,34,"2 0 14","8 15 1",1,10000
QA-SIM-085,Regular,35,"3 10 5","8 15 1",1,10000
QA-SIM-086,Whale,0,"9 3 6","9 3 6",3,60
QA-SIM-086,Whale,1,"13 17 19","7 17 19",2,5000000
QA-SIM-086,Whale,2,"12 8 18","7 17 19",2,5000000
QA-SIM-086,Whale,3,"11 19 17","7 17 19",2,5000000
QA-SIM-086,Whale,4,"5 17 8","7 17 19",2,5000000
QA-SIM-086,Whale,5,"15 14 13","7 17 19",2,5000000
QA-SIM-086,Whale,6,"19 10 6","7 17 19",2,5000000
QA-SIM-086,Whale,7,"13 8 9","7 17 19",2,5000000
QA-SIM-086,Whale,8,"13 14 7","7 17 19",2,5000000
QA-SIM-086,Whale,9,"3 1 7","7 17 19",2,5000000
QA-SIM-086,Whale,10,"17 1 10","7 17 19",2,5000000
QA-SIM-086,Whale,11,"17 2 2","7 17 19",2,5000000
QA-SIM-086,Whale,12,"1 1 7","7 17 19",2,5000000
QA-SIM-086,Whale,13,"10 8 8","7 17 19",2,5000000
QA-SIM-086,Whale,14,"3 14 16","7 17 19",2,5000000
QA-SIM-086,Whale,15,"4 10 13","7 17 19",2,5000000
QA-SIM-086,Whale,16,"11 6 13","7 17 19",2,5000000
QA-SIM-086,Whale,17,"5 7 7","7 17 19",2,5000000
QA-SIM-086,Whale,18,"2 19 6","7 17 19",2,5000000
QA-SIM-086,Whale,19,"16 19 9","7 17 19",2,5000000
QA-SIM-086,Whale,20,"18 1 3","7 17 19",2,5000000
QA-SIM-086,Whale,21,"10 0 6","7 17 19",2,5000000
QA-SIM-086,Whale,22,"9 17 15","7 17 19",2,5000000
QA-SIM-086,Whale,23,"19 5 4","7 17 19",2,5000000
QA-SIM-086,Whale,24,"18 12 9","7 17 19",2,5000000
QA-SIM-086,Whale,25,"2 11 15","7 17 19",2,5000000
QA-SIM-086,Whale,26,"15 18 11","7 17 19",2,5000000
QA-SIM-086,Whale,27,"14 9 15","7 17 19",2,5000000
QA-SIM-086,Whale,28,"17 0 5","7 17 19",2,5000000
QA-SIM-086,Whale,29,"6 10 16","7 17 19",2,5000000
QA-SIM-086,Whale,30,"17 10 0","7 17 19",2,5000000
QA-SIM-086,Whale,31,"19 10 1","7 17 19",2,5000000
QA-SIM-086,Whale,32,"5 18 7","7 17 19",2,5000000
QA-SIM-086,Whale,33,"16 19 11","7 17 19",2,5000000
QA-SIM-086,Whale,34,"1 11 14","7 17 19",2,5000000
QA-SIM-086,Whale,35,"14 12 2","7 17 19",2,5000000
QA-SIM-087,Curioso,0,"17 11 11","17 11 11",3,500
QA-SIM-087,Curioso,1,"18 10 12","18 6 12",2,1000000
QA-SIM-087,Curioso,2,"14 1 3","18 6 12",2,1000000
QA-SIM-087,Curioso,3,"0 12 19","18 6 12",2,1000000
QA-SIM-087,Curioso,4,"10 10 15","18 6 12",2,1000000
QA-SIM-087,Curioso,5,"4 15 4","18 6 12",2,1000000
QA-SIM-087,Curioso,6,"7 10 16","18 6 12",2,1000000
QA-SIM-087,Curioso,7,"18 5 13","18 6 12",2,1000000
QA-SIM-087,Curioso,8,"4 3 17","18 6 12",2,1000000
QA-SIM-087,Curioso,9,"0 9 10","18 6 12",2,1000000
QA-SIM-087,Curioso,10,"3 5 0","18 6 12",2,1000000
QA-SIM-087,Curioso,11,"1 17 1","18 6 12",2,1000000
QA-SIM-087,Curioso,12,"2 19 4","18 6 12",2,1000000
QA-SIM-087,Curioso,13,"2 10 2","18 6 12",2,1000000
QA-SIM-087,Curioso,14,"8 3 14","18 6 12",2,1000000
QA-SIM-087,Curioso,15,"19 4 4","18 6 12",2,1000000
QA-SIM-087,Curioso,16,"6 7 11","18 6 12",2,1000000
QA-SIM-087,Curioso,17,"19 16 19","18 6 12",2,1000000
QA-SIM-087,Curioso,18,"3 16 17","18 6 12",2,1000000
QA-SIM-087,Curioso,19,"4 3 11","18 6 12",2,1000000
QA-SIM-087,Curioso,20,"13 4 3","18 6 12",2,1000000
QA-SIM-087,Curioso,21,"5 6 3","18 6 12",2,1000000
QA-SIM-087,Curioso,22,"1 19 19","18 6 12",2,1000000
QA-SIM-087,Curioso,23,"14 0 16","18 6 12",2,1000000
QA-SIM-087,Curioso,24,"2 7 11","18 6 12",2,1000000
QA-SIM-087,Curioso,25,"2 11 8","18 6 12",2,1000000
QA-SIM-087,Curioso,26,"18 14 11","18 6 12",2,1000000
QA-SIM-087,Curioso,27,"9 12 6","18 6 12",2,1000000
QA-SIM-087,Curioso,28,"14 13 8","18 6 12",2,1000000
QA-SIM-087,Curioso,29,"0 11 3","18 6 12",2,1000000
QA-SIM-087,Curioso,30,"13 12 15","18 6 12",2,1000000
QA-SIM-087,Curioso,31,"13 0 4","18 6 12",2,1000000
QA-SIM-087,Curioso,32,"3 1 17","18 6 12",2,1000000
QA-SIM-087,Curioso,33,"2 11 6","18 6 12",2,1000000
QA-SIM-087,Curioso,34,"16 5 2","18 6 12",2,1000000
QA-SIM-087,Curioso,35,"7 17 17","18 6 12",2,1000000
QA-SIM-088,Casual,0,"1 5 18","1 5 18",3,200
QA-SIM-088,Casual,1,"2 17 8","2 13 8",2,10000
QA-SIM-088,Casual,2,"17 4 7","2 13 8",2,10000
QA-SIM-088,Casual,3,"6 5 11","2 13 8",2,10000
QA-SIM-088,Casual,4,"13 8 18","2 13 8",2,10000
QA-SIM-088,Casual,5,"1 15 3","2 13 8",2,10000
QA-SIM-088,Casual,6,"15 12 11","2 13 8",2,10000
QA-SIM-088,Casual,7,"4 16 14","2 13 8",2,10000
QA-SIM-088,Casual,8,"4 12 6","2 13 8",2,10000
QA-SIM-088,Casual,9,"19 0 10","2 13 8",2,10000
QA-SIM-088,Casual,10,"19 3 10","2 13 8",2,10000
QA-SIM-088,Casual,11,"1 6 15","2 13 8",2,10000
QA-SIM-088,Casual,12,"1 3 5","2 13 8",2,10000
QA-SIM-088,Casual,13,"1 16 5","2 13 8",2,10000
QA-SIM-088,Casual,14,"4 13 0","2 13 8",2,10000
QA-SIM-088,Casual,15,"4 18 9","2 13 8",2,10000
QA-SIM-088,Casual,16,"9 15 7","2 13 8",2,10000
QA-SIM-088,Casual,17,"17 7 7","2 13 8",2,10000
QA-SIM-088,Casual,18,"3 12 2","2 13 8",2,10000
QA-SIM-088,Casual,19,"19 4 16","2 13 8",2,10000
QA-SIM-088,Casual,20,"8 19 5","2 13 8",2,10000
QA-SIM-088,Casual,21,"10 2 1","2 13 8",2,10000
QA-SIM-088,Casual,22,"13 7 7","2 13 8",2,10000
QA-SIM-088,Casual,23,"2 15 5","2 13 8",2,10000
QA-SIM-088,Casual,24,"7 16 19","2 13 8",2,10000
QA-SIM-088,Casual,25,"7 17 16","2 13 8",2,10000
QA-SIM-088,Casual,26,"14 4 11","2 13 8",2,10000
QA-SIM-088,Casual,27,"9 19 15","2 13 8",2,10000
QA-SIM-088,Casual,28,"4 14 16","2 13 8",2,10000
QA-SIM-088,Casual,29,"6 8 7","2 13 8",2,10000
QA-SIM-088,Casual,30,"17 0 5","2 13 8",2,10000
QA-SIM-088,Casual,31,"16 10 4","2 13 8",2,10000
QA-SIM-088,Casual,32,"3 19 1","2 13 8",2,10000
QA-SIM-088,Casual,33,"19 3 1","2 13 8",2,10000
QA-SIM-088,Casual,34,"10 19 13","2 13 8",2,10000
QA-SIM-088,Casual,35,"9 19 15","2 13 8",2,10000
QA-SIM-089,Regular,0,"13 16 8","13 16 8",3,500
QA-SIM-089,Regular,1,"10 6 0","13 11 0",1,1000
QA-SIM-089,Regular,2,"15 5 14","13 11 0",1,1000
QA-SIM-089,Regular,3,"6 8 3","13 11 0",1,1000
QA-SIM-089,Regular,4,"15 6 7","13 11 0",1,1000
QA-SIM-089,Regular,5,"5 13 14","13 11 0",1,1000
QA-SIM-089,Regular,6,"18 9 12","13 11 0",1,1000
QA-SIM-089,Regular,7,"16 1 7","13 11 0",1,1000
QA-SIM-089,Regular,8,"4 16 6","13 11 0",1,1000
QA-SIM-089,Regular,9,"3 15 6","13 11 0",1,1000
QA-SIM-089,Regular,10,"4 5 14","13 11 0",1,1000
QA-SIM-089,Regular,11,"13 3 3","13 11 0",1,1000
QA-SIM-089,Regular,12,"16 6 18","13 11 0",1,1000
QA-SIM-089,Regular,13,"3 2 6","13 11 0",1,1000
QA-SIM-089,Regular,14,"0 0 8","13 11 0",1,1000
QA-SIM-089,Regular,15,"4 0 19","13 11 0",1,1000
QA-SIM-089,Regular,16,"10 15 12","13 11 0",1,1000
QA-SIM-089,Regular,17,"2 2 18","13 11 0",1,1000
QA-SIM-089,Regular,18,"15 2 3","13 11 0",1,1000
QA-SIM-089,Regular,19,"1 15 1","13 11 0",1,1000
QA-SIM-089,Regular,20,"6 14 18","13 11 0",1,1000
QA-SIM-089,Regular,21,"3 4 15","13 11 0",1,1000
QA-SIM-089,Regular,22,"15 12 16","13 11 0",1,1000
QA-SIM-089,Regular,23,"8 3 4","13 11 0",1,1000
QA-SIM-089,Regular,24,"13 8 2","13 11 0",1,1000
QA-SIM-089,Regular,25,"12 16 9","13 11 0",1,1000
QA-SIM-089,Regular,26,"18 12 1","13 11 0",1,1000
QA-SIM-089,Regular,27,"15 11 10","13 11 0",1,1000
QA-SIM-089,Regular,28,"0 1 12","13 11 0",1,1000
QA-SIM-089,Regular,29,"4 3 18","13 11 0",1,1000
QA-SIM-089,Regular,30,"17 12 5","13 11 0",1,1000
QA-SIM-089,Regular,31,"15 18 11","13 11 0",1,1000
QA-SIM-089,Regular,32,"18 12 16","13 11 0",1,1000
QA-SIM-089,Regular,33,"3 10 8","13 11 0",1,1000
QA-SIM-089,Regular,34,"11 0 6","13 11 0",1,1000
QA-SIM-089,Regular,35,"7 14 9","13 11 0",1,1000
QA-SIM-090,Whale,0,"13 14 10","13 14 10",3,60
QA-SIM-090,Whale,1,"14 2 18","14 2 9",2,200
QA-SIM-090,Whale,2,"12 7 2","14 2 9",2,200
QA-SIM-090,Whale,3,"17 12 9","14 2 9",2,200
QA-SIM-090,Whale,4,"19 10 2","14 2 9",2,200
QA-SIM-090,Whale,5,"6 10 7","14 2 9",2,200
QA-SIM-090,Whale,6,"4 6 9","14 2 9",2,200
QA-SIM-090,Whale,7,"16 12 5","14 2 9",2,200
QA-SIM-090,Whale,8,"5 9 12","14 2 9",2,200
QA-SIM-090,Whale,9,"8 0 16","14 2 9",2,200
QA-SIM-090,Whale,10,"2 18 14","14 2 9",2,200
QA-SIM-090,Whale,11,"11 11 8","14 2 9",2,200
QA-SIM-090,Whale,12,"18 7 13","14 2 9",2,200
QA-SIM-090,Whale,13,"6 1 0","14 2 9",2,200
QA-SIM-090,Whale,14,"10 2 14","14 2 9",2,200
QA-SIM-090,Whale,15,"14 8 4","14 2 9",2,200
QA-SIM-090,Whale,16,"3 14 18","14 2 9",2,200
QA-SIM-090,Whale,17,"14 10 9","14 2 9",2,200
QA-SIM-090,Whale,18,"15 17 12","14 2 9",2,200
QA-SIM-090,Whale,19,"14 9 11","14 2 9",2,200
QA-SIM-090,Whale,20,"9 12 15","14 2 9",2,200
QA-SIM-090,Whale,21,"13 18 7","14 2 9",2,200
QA-SIM-090,Whale,22,"13 10 8","14 2 9",2,200
QA-SIM-090,Whale,23,"12 6 7","14 2 9",2,200
QA-SIM-090,Whale,24,"14 1 18","14 2 9",2,200
QA-SIM-090,Whale,25,"4 4 15","14 2 9",2,200
QA-SIM-090,Whale,26,"3 18 1","14 2 9",2,200
QA-SIM-090,Whale,27,"16 10 5","14 2 9",2,200
QA-SIM-090,Whale,28,"8 4 4","14 2 9",2,200
QA-SIM-090,Whale,29,"2 13 9","14 2 9",2,200
QA-SIM-090,Whale,30,"7 5 9","14 2 9",2,200
QA-SIM-090,Whale,31,"15 14 6","14 2 9",2,200
QA-SIM-090,Whale,32,"8 11 16","14 2 9",2,200
QA-SIM-090,Whale,33,"12 18 19","14 2 9",2,200
QA-SIM-090,Whale,34,"9 17 9","14 2 9",2,200
QA-SIM-090,Whale,35,"16 13 17","14 2 9",2,200
QA-SIM-091,Curioso,0,"11 5 0","11 5 0",3,200
QA-SIM-091,Curioso,1,"17 11 12","17 15 12",2,0
QA-SIM-091,Curioso,2,"18 14 14","17 15 12",2,0
QA-SIM-091,Curioso,3,"8 16 13","17 15 12",2,0
QA-SIM-091,Curioso,4,"9 18 11","17 15 12",2,0
QA-SIM-091,Curioso,5,"0 19 9","17 15 12",2,0
QA-SIM-091,Curioso,6,"8 11 18","17 15 12",2,0
QA-SIM-091,Curioso,7,"3 0 3","17 15 12",2,0
QA-SIM-091,Curioso,8,"9 1 8","17 15 12",2,0
QA-SIM-091,Curioso,9,"10 6 2","17 15 12",2,0
QA-SIM-091,Curioso,10,"7 15 8","17 15 12",2,0
QA-SIM-091,Curioso,11,"4 8 7","17 15 12",2,0
QA-SIM-091,Curioso,12,"15 14 15","17 15 12",2,0
QA-SIM-091,Curioso,13,"9 14 19","17 15 12",2,0
QA-SIM-091,Curioso,14,"5 1 3","17 15 12",2,0
QA-SIM-091,Curioso,15,"9 19 18","17 15 12",2,0
QA-SIM-091,Curioso,16,"8 9 15","17 15 12",2,0
QA-SIM-091,Curioso,17,"4 16 0","17 15 12",2,0
QA-SIM-091,Curioso,18,"14 1 15","17 15 12",2,0
QA-SIM-091,Curioso,19,"2 13 16","17 15 12",2,0
QA-SIM-091,Curioso,20,"3 0 17","17 15 12",2,0
QA-SIM-091,Curioso,21,"10 7 8","17 15 12",2,0
QA-SIM-091,Curioso,22,"1 11 8","17 15 12",2,0
QA-SIM-091,Curioso,23,"2 19 11","17 15 12",2,0
QA-SIM-091,Curioso,24,"18 18 11","17 15 12",2,0
QA-SIM-091,Curioso,25,"17 15 18","17 15 12",2,0
QA-SIM-091,Curioso,26,"15 15 11","17 15 12",2,0
QA-SIM-091,Curioso,27,"15 17 19","17 15 12",2,0
QA-SIM-091,Curioso,28,"17 1 18","17 15 12",2,0
QA-SIM-091,Curioso,29,"1 5 14","17 15 12",2,0
QA-SIM-091,Curioso,30,"10 9 10","17 15 12",2,0
QA-SIM-091,Curioso,31,"18 6 7","17 15 12",2,0
QA-SIM-091,Curioso,32,"7 6 9","17 15 12",2,0
QA-SIM-091,Curioso,33,"0 7 9","17 15 12",2,0
QA-SIM-091,Curioso,34,"0 3 15","17 15 12",2,0
QA-SIM-091,Curioso,35,"6 3 3","17 15 12",2,0
QA-SIM-092,Casual,0,"0 17 19","0 17 19",3,200
QA-SIM-092,Casual,1,"6 16 7","6 0 7",2,0
QA-SIM-092,Casual,2,"9 8 16","6 0 7",2,0
QA-SIM-092,Casual,3,"10 11 0","6 0 7",2,0
QA-SIM-092,Casual,4,"7 9 2","6 0 7",2,0
QA-SIM-092,Casual,5,"6 14 11","6 0 7",2,0
QA-SIM-092,Casual,6,"9 14 16","6 0 7",2,0
QA-SIM-092,Casual,7,"4 2 10","6 0 7",2,0
QA-SIM-092,Casual,8,"9 18 17","6 0 7",2,0
QA-SIM-092,Casual,9,"8 9 18","6 0 7",2,0
QA-SIM-092,Casual,10,"2 12 3","6 0 7",2,0
QA-SIM-092,Casual,11,"19 3 19","6 0 7",2,0
QA-SIM-092,Casual,12,"13 19 15","6 0 7",2,0
QA-SIM-092,Casual,13,"12 18 7","6 0 7",2,0
QA-SIM-092,Casual,14,"15 8 5","6 0 7",2,0
QA-SIM-092,Casual,15,"13 13 9","6 0 7",2,0
QA-SIM-092,Casual,16,"7 11 0","6 0 7",2,0
QA-SIM-092,Casual,17,"4 2 16","6 0 7",2,0
QA-SIM-092,Casual,18,"13 7 13","6 0 7",2,0
QA-SIM-092,Casual,19,"15 9 11","6 0 7",2,0
QA-SIM-092,Casual,20,"18 3 5","6 0 7",2,0
QA-SIM-092,Casual,21,"17 16 15","6 0 7",2,0
QA-SIM-092,Casual,22,"15 17 18","6 0 7",2,0
QA-SIM-092,Casual,23,"4 17 7","6 0 7",2,0
QA-SIM-092,Casual,24,"16 14 4","6 0 7",2,0
QA-SIM-092,Casual,25,"0 2 0","6 0 7",2,0
QA-SIM-092,Casual,26,"16 13 16","6 0 7",2,0
QA-SIM-092,Casual,27,"16 11 10","6 0 7",2,0
QA-SIM-092,Casual,28,"14 0 12","6 0 7",2,0
QA-SIM-092,Casual,29,"2 5 5","6 0 7",2,0
QA-SIM-092,Casual,30,"8 16 2","6 0 7",2,0
QA-SIM-092,Casual,31,"4 0 15","6 0 7",2,0
QA-SIM-092,Casual,32,"15 17 18","6 0 7",2,0
QA-SIM-092,Casual,33,"2 5 18","6 0 7",2,0
QA-SIM-092,Casual,34,"16 14 12","6 0 7",2,0
QA-SIM-092,Casual,35,"4 7 18","6 0 7",2,0
QA-SIM-093,Regular,0,"4 4 4","4 4 4",3,500
QA-SIM-093,Regular,1,"2 19 6","1 18 7",0,0
QA-SIM-093,Regular,2,"11 5 10","11 5 10",3,200
QA-SIM-093,Regular,3,"9 6 1","0 6 1",2,500000
QA-SIM-093,Regular,4,"3 16 17","0 6 1",2,500000
QA-SIM-093,Regular,5,"17 16 17","0 6 1",2,500000
QA-SIM-093,Regular,6,"11 4 8","0 6 1",2,500000
QA-SIM-093,Regular,7,"9 14 19","0 6 1",2,500000
QA-SIM-093,Regular,8,"5 18 9","0 6 1",2,500000
QA-SIM-093,Regular,9,"11 9 1","0 6 1",2,500000
QA-SIM-093,Regular,10,"3 6 10","0 6 1",2,500000
QA-SIM-093,Regular,11,"4 6 2","0 6 1",2,500000
QA-SIM-093,Regular,12,"1 5 5","0 6 1",2,500000
QA-SIM-093,Regular,13,"0 17 17","0 6 1",2,500000
QA-SIM-093,Regular,14,"12 10 12","0 6 1",2,500000
QA-SIM-093,Regular,15,"10 5 7","0 6 1",2,500000
QA-SIM-093,Regular,16,"4 7 14","0 6 1",2,500000
QA-SIM-093,Regular,17,"15 10 8","0 6 1",2,500000
QA-SIM-093,Regular,18,"18 18 7","0 6 1",2,500000
QA-SIM-093,Regular,19,"11 13 9","0 6 1",2,500000
QA-SIM-093,Regular,20,"17 16 18","0 6 1",2,500000
QA-SIM-093,Regular,21,"17 7 6","0 6 1",2,500000
QA-SIM-093,Regular,22,"5 7 5","0 6 1",2,500000
QA-SIM-093,Regular,23,"0 12 8","0 6 1",2,500000
QA-SIM-093,Regular,24,"5 12 18","0 6 1",2,500000
QA-SIM-093,Regular,25,"3 0 14","0 6 1",2,500000
QA-SIM-093,Regular,26,"10 5 6","0 6 1",2,500000
QA-SIM-093,Regular,27,"5 8 4","0 6 1",2,500000
QA-SIM-093,Regular,28,"1 19 18","0 6 1",2,500000
QA-SIM-093,Regular,29,"4 6 10","0 6 1",2,500000
QA-SIM-093,Regular,30,"5 13 6","0 6 1",2,500000
QA-SIM-093,Regular,31,"17 3 0","0 6 1",2,500000
QA-SIM-093,Regular,32,"0 0 13","0 6 1",2,500000
QA-SIM-093,Regular,33,"18 17 19","0 6 1",2,500000
QA-SIM-093,Regular,34,"2 2 15","0 6 1",2,500000
QA-SIM-093,Regular,35,"9 1 8","0 6 1",2,500000
QA-SIM-094,Whale,0,"18 15 0","18 15 0",3,500
QA-SIM-094,Whale,1,"18 10 3","18 12 3",2,5000
QA-SIM-094,Whale,2,"14 13 9","18 12 3",2,5000
QA-SIM-094,Whale,3,"6 2 16","18 12 3",2,5000
QA-SIM-094,Whale,4,"19 7 15","18 12 3",2,5000
QA-SIM-094,Whale,5,"2 7 6","18 12 3",2,5000
QA-SIM-094,Whale,6,"16 1 0","18 12 3",2,5000
QA-SIM-094,Whale,7,"15 6 16","18 12 3",2,5000
QA-SIM-094,Whale,8,"12 10 8","18 12 3",2,5000
QA-SIM-094,Whale,9,"14 16 0","18 12 3",2,5000
QA-SIM-094,Whale,10,"15 11 15","18 12 3",2,5000
QA-SIM-094,Whale,11,"7 0 17","18 12 3",2,5000
QA-SIM-094,Whale,12,"0 8 9","18 12 3",2,5000
QA-SIM-094,Whale,13,"3 4 19","18 12 3",2,5000
QA-SIM-094,Whale,14,"4 4 0","18 12 3",2,5000
QA-SIM-094,Whale,15,"17 3 15","18 12 3",2,5000
QA-SIM-094,Whale,16,"6 3 3","18 12 3",2,5000
QA-SIM-094,Whale,17,"7 7 12","18 12 3",2,5000
QA-SIM-094,Whale,18,"19 5 11","18 12 3",2,5000
QA-SIM-094,Whale,19,"11 14 6","18 12 3",2,5000
QA-SIM-094,Whale,20,"0 17 15","18 12 3",2,5000
QA-SIM-094,Whale,21,"14 7 18","18 12 3",2,5000
QA-SIM-094,Whale,22,"5 13 5","18 12 3",2,5000
QA-SIM-094,Whale,23,"6 15 8","18 12 3",2,5000
QA-SIM-094,Whale,24,"7 7 18","18 12 3",2,5000
QA-SIM-094,Whale,25,"16 16 13","18 12 3",2,5000
QA-SIM-094,Whale,26,"1 4 14","18 12 3",2,5000
QA-SIM-094,Whale,27,"13 12 0","18 12 3",2,5000
QA-SIM-094,Whale,28,"10 3 12","18 12 3",2,5000
QA-SIM-094,Whale,29,"0 16 7","18 12 3",2,5000
QA-SIM-094,Whale,30,"18 13 5","18 12 3",2,5000
QA-SIM-094,Whale,31,"6 10 14","18 12 3",2,5000
QA-SIM-094,Whale,32,"0 4 4","18 12 3",2,5000
QA-SIM-094,Whale,33,"16 18 15","18 12 3",2,5000
QA-SIM-094,Whale,34,"8 0 11","18 12 3",2,5000
QA-SIM-094,Whale,35,"17 12 17","18 12 3",2,5000
QA-SIM-095,Curioso,0,"14 9 2","14 9 2",3,500
QA-SIM-095,Curioso,1,"17 0 8","4 0 14",1,0
QA-SIM-095,Curioso,2,"0 12 13","4 0 14",1,0
QA-SIM-095,Curioso,3,"5 5 1","4 0 14",1,0
QA-SIM-095,Curioso,4,"12 19 11","4 0 14",1,0
QA-SIM-095,Curioso,5,"18 17 1","4 0 14",1,0
QA-SIM-095,Curioso,6,"12 9 1","4 0 14",1,0
QA-SIM-095,Curioso,7,"6 17 10","4 0 14",1,0
QA-SIM-095,Curioso,8,"6 12 7","4 0 14",1,0
QA-SIM-095,Curioso,9,"12 6 2","4 0 14",1,0
QA-SIM-095,Curioso,10,"18 0 7","4 0 14",1,0
QA-SIM-095,Curioso,11,"8 12 7","4 0 14",1,0
QA-SIM-095,Curioso,12,"8 15 0","4 0 14",1,0
QA-SIM-095,Curioso,13,"7 4 12","4 0 14",1,0
QA-SIM-095,Curioso,14,"10 1 14","4 0 14",1,0
QA-SIM-095,Curioso,15,"18 15 13","4 0 14",1,0
QA-SIM-095,Curioso,16,"6 7 8","4 0 14",1,0
QA-SIM-095,Curioso,17,"14 10 5","4 0 14",1,0
QA-SIM-095,Curioso,18,"5 5 19","4 0 14",1,0
QA-SIM-095,Curioso,19,"7 19 8","4 0 14",1,0
QA-SIM-095,Curioso,20,"18 17 8","4 0 14",1,0
QA-SIM-095,Curioso,21,"2 14 0","4 0 14",1,0
QA-SIM-095,Curioso,22,"11 10 1","4 0 14",1,0
QA-SIM-095,Curioso,23,"17 19 3","4 0 14",1,0
QA-SIM-095,Curioso,24,"16 13 1","4 0 14",1,0
QA-SIM-095,Curioso,25,"9 5 18","4 0 14",1,0
QA-SIM-095,Curioso,26,"8 1 6","4 0 14",1,0
QA-SIM-095,Curioso,27,"16 15 10","4 0 14",1,0
QA-SIM-095,Curioso,28,"5 8 6","4 0 14",1,0
QA-SIM-095,Curioso,29,"9 0 14","4 0 14",1,0
QA-SIM-095,Curioso,30,"18 9 10","4 0 14",1,0
QA-SIM-095,Curioso,31,"0 18 9","4 0 14",1,0
QA-SIM-095,Curioso,32,"5 9 2","4 0 14",1,0
QA-SIM-095,Curioso,33,"5 9 0","4 0 14",1,0
QA-SIM-095,Curioso,34,"8 11 1","4 0 14",1,0
QA-SIM-095,Curioso,35,"2 1 19","4 0 14",1,0
QA-SIM-096,Casual,0,"18 17 17","18 17 17",3,60
QA-SIM-096,Casual,1,"5 0 15","6 9 7",0,0
QA-SIM-096,Casual,2,"9 17 19","16 17 19",2,0
QA-SIM-096,Casual,3,"3 8 11","16 17 19",2,0
QA-SIM-096,Casual,4,"17 0 17","16 17 19",2,0
QA-SIM-096,Casual,5,"0 11 14","16 17 19",2,0
QA-SIM-096,Casual,6,"19 0 0","16 17 19",2,0
QA-SIM-096,Casual,7,"19 0 9","16 17 19",2,0
QA-SIM-096,Casual,8,"0 13 16","16 17 19",2,0
QA-SIM-096,Casual,9,"11 10 12","16 17 19",2,0
QA-SIM-096,Casual,10,"3 15 3","16 17 19",2,0
QA-SIM-096,Casual,11,"18 0 12","16 17 19",2,0
QA-SIM-096,Casual,12,"6 2 17","16 17 19",2,0
QA-SIM-096,Casual,13,"4 11 1","16 17 19",2,0
QA-SIM-096,Casual,14,"16 8 17","16 17 19",2,0
QA-SIM-096,Casual,15,"1 15 1","16 17 19",2,0
QA-SIM-096,Casual,16,"19 9 9","16 17 19",2,0
QA-SIM-096,Casual,17,"5 9 2","16 17 19",2,0
QA-SIM-096,Casual,18,"5 9 6","16 17 19",2,0
QA-SIM-096,Casual,19,"9 1 11","16 17 19",2,0
QA-SIM-096,Casual,20,"2 13 4","16 17 19",2,0
QA-SIM-096,Casual,21,"3 5 18","16 17 19",2,0
QA-SIM-096,Casual,22,"12 4 4","16 17 19",2,0
QA-SIM-096,Casual,23,"6 19 15","16 17 19",2,0
QA-SIM-096,Casual,24,"13 15 12","16 17 19",2,0
QA-SIM-096,Casual,25,"3 2 6","16 17 19",2,0
QA-SIM-096,Casual,26,"16 8 0","16 17 19",2,0
QA-SIM-096,Casual,27,"9 13 4","16 17 19",2,0
QA-SIM-096,Casual,28,"15 13 1","16 17 19",2,0
QA-SIM-096,Casual,29,"19 3 18","16 17 19",2,0
QA-SIM-096,Casual,30,"12 4 10","16 17 19",2,0
QA-SIM-096,Casual,31,"19 17 15","16 17 19",2,0
QA-SIM-096,Casual,32,"1 3 15","16 17 19",2,0
QA-SIM-096,Casual,33,"0 19 11","16 17 19",2,0
QA-SIM-096,Casual,34,"14 18 12","16 17 19",2,0
QA-SIM-096,Casual,35,"14 14 16","16 17 19",2,0
QA-SIM-097,Regular,0,"16 11 14","16 11 14",3,60
QA-SIM-097,Regular,1,"17 14 6","18 14 6",2,100000
QA-SIM-097,Regular,2,"19 19 0","18 14 6",2,100000
QA-SIM-097,Regular,3,"4 4 1","18 14 6",2,100000
QA-SIM-097,Regular,4,"16 11 6","18 14 6",2,100000
QA-SIM-097,Regular,5,"3 2 16","18 14 6",2,100000
QA-SIM-097,Regular,6,"12 6 16","18 14 6",2,100000
QA-SIM-097,Regular,7,"16 7 13","18 14 6",2,100000
QA-SIM-097,Regular,8,"4 9 5","18 14 6",2,100000
QA-SIM-097,Regular,9,"9 7 0","18 14 6",2,100000
QA-SIM-097,Regular,10,"5 15 11","18 14 6",2,100000
QA-SIM-097,Regular,11,"12 17 2","18 14 6",2,100000
QA-SIM-097,Regular,12,"2 18 7","18 14 6",2,100000
QA-SIM-097,Regular,13,"7 10 16","18 14 6",2,100000
QA-SIM-097,Regular,14,"14 9 3","18 14 6",2,100000
QA-SIM-097,Regular,15,"16 3 17","18 14 6",2,100000
QA-SIM-097,Regular,16,"2 18 8","18 14 6",2,100000
QA-SIM-097,Regular,17,"12 4 19","18 14 6",2,100000
QA-SIM-097,Regular,18,"0 2 11","18 14 6",2,100000
QA-SIM-097,Regular,19,"17 13 6","18 14 6",2,100000
QA-SIM-097,Regular,20,"7 7 15","18 14 6",2,100000
QA-SIM-097,Regular,21,"15 5 15","18 14 6",2,100000
QA-SIM-097,Regular,22,"10 17 5","18 14 6",2,100000
QA-SIM-097,Regular,23,"11 17 13","18 14 6",2,100000
QA-SIM-097,Regular,24,"0 16 19","18 14 6",2,100000
QA-SIM-097,Regular,25,"12 3 15","18 14 6",2,100000
QA-SIM-097,Regular,26,"4 18 19","18 14 6",2,100000
QA-SIM-097,Regular,27,"11 18 16","18 14 6",2,100000
QA-SIM-097,Regular,28,"17 17 11","18 14 6",2,100000
QA-SIM-097,Regular,29,"18 16 11","18 14 6",2,100000
QA-SIM-097,Regular,30,"18 7 17","18 14 6",2,100000
QA-SIM-097,Regular,31,"1 19 12","18 14 6",2,100000
QA-SIM-097,Regular,32,"9 11 8","18 14 6",2,100000
QA-SIM-097,Regular,33,"13 10 2","18 14 6",2,100000
QA-SIM-097,Regular,34,"7 2 16","18 14 6",2,100000
QA-SIM-097,Regular,35,"19 16 13","18 14 6",2,100000
QA-SIM-098,Whale,0,"10 18 13","10 18 13",3,500
QA-SIM-098,Whale,1,"2 11 8","2 17 8",2,0
QA-SIM-098,Whale,2,"6 7 15","2 17 8",2,0
QA-SIM-098,Whale,3,"14 2 4","2 17 8",2,0
QA-SIM-098,Whale,4,"19 7 14","2 17 8",2,0
QA-SIM-098,Whale,5,"0 10 19","2 17 8",2,0
QA-SIM-098,Whale,6,"1 7 13","2 17 8",2,0
QA-SIM-098,Whale,7,"8 3 12","2 17 8",2,0
QA-SIM-098,Whale,8,"8 6 12","2 17 8",2,0
QA-SIM-098,Whale,9,"19 16 10","2 17 8",2,0
QA-SIM-098,Whale,10,"2 7 4","2 17 8",2,0
QA-SIM-098,Whale,11,"10 2 18","2 17 8",2,0
QA-SIM-098,Whale,12,"4 10 6","2 17 8",2,0
QA-SIM-098,Whale,13,"16 18 16","2 17 8",2,0
QA-SIM-098,Whale,14,"19 8 3","2 17 8",2,0
QA-SIM-098,Whale,15,"9 4 5","2 17 8",2,0
QA-SIM-098,Whale,16,"14 12 7","2 17 8",2,0
QA-SIM-098,Whale,17,"2 3 8","2 17 8",2,0
QA-SIM-098,Whale,18,"13 11 2","2 17 8",2,0
QA-SIM-098,Whale,19,"10 7 12","2 17 8",2,0
QA-SIM-098,Whale,20,"8 0 4","2 17 8",2,0
QA-SIM-098,Whale,21,"15 18 2","2 17 8",2,0
QA-SIM-098,Whale,22,"16 15 0","2 17 8",2,0
QA-SIM-098,Whale,23,"7 4 17","2 17 8",2,0
QA-SIM-098,Whale,24,"17 16 19","2 17 8",2,0
QA-SIM-098,Whale,25,"10 1 7","2 17 8",2,0
QA-SIM-098,Whale,26,"2 2 7","2 17 8",2,0
QA-SIM-098,Whale,27,"1 10 4","2 17 8",2,0
QA-SIM-098,Whale,28,"8 7 5","2 17 8",2,0
QA-SIM-098,Whale,29,"12 19 1","2 17 8",2,0
QA-SIM-098,Whale,30,"18 3 10","2 17 8",2,0
QA-SIM-098,Whale,31,"13 17 1","2 17 8",2,0
QA-SIM-098,Whale,32,"3 17 4","2 17 8",2,0
QA-SIM-098,Whale,33,"6 10 18","2 17 8",2,0
QA-SIM-098,Whale,34,"19 17 16","2 17 8",2,0
QA-SIM-098,Whale,35,"11 1 13","2 17 8",2,0
QA-SIM-099,Curioso,0,"1 12 1","1 12 1",3,60
QA-SIM-099,Curioso,1,"8 6 18","16 6 18",2,5000000
QA-SIM-099,Curioso,2,"3 10 7","16 6 18",2,5000000
QA-SIM-099,Curioso,3,"18 8 6","16 6 18",2,5000000
QA-SIM-099,Curioso,4,"13 8 13","16 6 18",2,5000000
QA-SIM-099,Curioso,5,"12 15 18","16 6 18",2,5000000
QA-SIM-099,Curioso,6,"15 17 18","16 6 18",2,5000000
QA-SIM-099,Curioso,7,"14 14 15","16 6 18",2,5000000
QA-SIM-099,Curioso,8,"14 6 12","16 6 18",2,5000000
QA-SIM-099,Curioso,9,"9 18 19","16 6 18",2,5000000
QA-SIM-099,Curioso,10,"1 4 17","16 6 18",2,5000000
QA-SIM-099,Curioso,11,"19 4 9","16 6 18",2,5000000
QA-SIM-099,Curioso,12,"0 18 16","16 6 18",2,5000000
QA-SIM-099,Curioso,13,"1 6 5","16 6 18",2,5000000
QA-SIM-099,Curioso,14,"14 8 0","16 6 18",2,5000000
QA-SIM-099,Curioso,15,"19 12 14","16 6 18",2,5000000
QA-SIM-099,Curioso,16,"4 2 16","16 6 18",2,5000000
QA-SIM-099,Curioso,17,"3 12 10","16 6 18",2,5000000
QA-SIM-099,Curioso,18,"1 18 4","16 6 18",2,5000000
QA-SIM-099,Curioso,19,"14 5 16","16 6 18",2,5000000
QA-SIM-099,Curioso,20,"14 3 2","16 6 18",2,5000000
QA-SIM-099,Curioso,21,"16 1 10","16 6 18",2,5000000
QA-SIM-099,Curioso,22,"0 9 15","16 6 18",2,5000000
QA-SIM-099,Curioso,23,"9 5 12","16 6 18",2,5000000
QA-SIM-099,Curioso,24,"8 8 3","16 6 18",2,5000000
QA-SIM-099,Curioso,25,"7 10 1","16 6 18",2,5000000
QA-SIM-099,Curioso,26,"17 18 18","16 6 18",2,5000000
QA-SIM-099,Curioso,27,"12 12 6","16 6 18",2,5000000
QA-SIM-099,Curioso,28,"18 10 7","16 6 18",2,5000000
QA-SIM-099,Curioso,29,"0 6 3","16 6 18",2,5000000
QA-SIM-099,Curioso,30,"4 5 6","16 6 18",2,5000000
QA-SIM-099,Curioso,31,"4 7 9","16 6 18",2,5000000
QA-SIM-099,Curioso,32,"9 15 4","16 6 18",2,5000000
QA-SIM-099,Curioso,33,"4 14 18","16 6 18",2,5000000
QA-SIM-099,Curioso,34,"1 2 1","16 6 18",2,5000000
QA-SIM-099,Curioso,35,"5 4 8","16 6 18",2,5000000
QA-SIM-100,Casual,0,"17 17 11","17 17 11",3,500
QA-SIM-100,Casual,1,"5 7 8","5 7 17",2,5000000
QA-SIM-100,Casual,2,"12 1 14","5 7 17",2,5000000
QA-SIM-100,Casual,3,"10 14 5","5 7 17",2,5000000
QA-SIM-100,Casual,4,"16 4 7","5 7 17",2,5000000
QA-SIM-100,Casual,5,"5 5 2","5 7 17",2,5000000
QA-SIM-100,Casual,6,"16 10 16","5 7 17",2,5000000
QA-SIM-100,Casual,7,"10 0 2","5 7 17",2,5000000
QA-SIM-100,Casual,8,"16 19 8","5 7 17",2,5000000
QA-SIM-100,Casual,9,"9 7 13","5 7 17",2,5000000
QA-SIM-100,Casual,10,"3 1 9","5 7 17",2,5000000
QA-SIM-100,Casual,11,"10 9 0","5 7 17",2,5000000
QA-SIM-100,Casual,12,"18 1 9","5 7 17",2,5000000
QA-SIM-100,Casual,13,"6 5 9","5 7 17",2,5000000
QA-SIM-100,Casual,14,"1 10 11","5 7 17",2,5000000
QA-SIM-100,Casual,15,"6 17 9","5 7 17",2,5000000
QA-SIM-100,Casual,16,"16 0 0","5 7 17",2,5000000
QA-SIM-100,Casual,17,"5 2 16","5 7 17",2,5000000
QA-SIM-100,Casual,18,"5 13 12","5 7 17",2,5000000
QA-SIM-100,Casual,19,"2 6 12","5 7 17",2,5000000
QA-SIM-100,Casual,20,"18 9 11","5 7 17",2,5000000
QA-SIM-100,Casual,21,"5 3 19","5 7 17",2,5000000
QA-SIM-100,Casual,22,"3 10 13","5 7 17",2,5000000
QA-SIM-100,Casual,23,"4 14 0","5 7 17",2,5000000
QA-SIM-100,Casual,24,"18 10 12","5 7 17",2,5000000
QA-SIM-100,Casual,25,"15 15 7","5 7 17",2,5000000
QA-SIM-100,Casual,26,"12 4 12","5 7 17",2,5000000
QA-SIM-100,Casual,27,"0 2 9","5 7 17",2,5000000
QA-SIM-100,Casual,28,"13 7 8","5 7 17",2,5000000
QA-SIM-100,Casual,29,"17 7 13","5 7 17",2,5000000
QA-SIM-100,Casual,30,"0 13 14","5 7 17",2,5000000
QA-SIM-100,Casual,31,"1 12 13","5 7 17",2,5000000
QA-SIM-100,Casual,32,"13 7 9","5 7 17",2,5000000
QA-SIM-100,Casual,33,"6 1 17","5 7 17",2,5000000
QA-SIM-100,Casual,34,"0 1 13","5 7 17",2,5000000
QA-SIM-100,Casual,35,"2 8 0","5 7 17",2,5000000